Nome,Open Interest Call,Open Interest Put,Open Interest,Date
XX,0.0,0.0,0.0,2024-02-28
Ftsemib,70.116,150.777,,2024-07-23
A2a,2.684,2.227,,2024-07-23
Acea,522,465,,2024-07-23
Amplifon,459,577,,2024-07-23
Anima Holding,282,62,,2024-07-23
Ariston Holding,48,16,,2024-07-23
Azimut,2.492,1.689,,2024-07-23
Banca Generali,2.911,1.143,,2024-07-23
Banca Ifis,4.887,525,,2024-07-23
Banca Mediolanum,1.560,1.415,,2024-07-23
Banca Monte Paschi Siena,8.101,21.696,,2024-07-23
Banco Bpm,42.155,165.175,,2024-07-23
Bca Pop Sondrio,366,355,,2024-07-23
Bff Bank,106,67,,2024-07-23
Bper Banca,10.927,13.684,,2024-07-23
Brembo,586,1.113,,2024-07-23
Brunello Cucinelli,161,363,,2024-07-23
Buzzi,891,812,,2024-07-23
Campari,8.636,6.971,,2024-07-23
Carel Industries,,,,2024-07-23
Danieli & C,448,51,,2024-07-23
De'Longhi,10,20,,2024-07-23
Diasorin,702,396,,2024-07-23
Enav,638,12,,2024-07-23
Enel,261.675,492.713,,2024-07-23
Eni,106.546,291.270,,2024-07-23
Erg,408,621,,2024-07-23
Ferrari,6.286,9.148,,2024-07-23
Fincantieri,339,1.024,,2024-07-23
Finecobank,1.523,11.485,,2024-07-23
Generali,400.281,771.604,,2024-07-23
Geox,83,50,,2024-07-23
Gvs,8,1,,2024-07-23
Hera,557,75,,2024-07-23
Industrie De Nora,806,453,,2024-07-23
Interpump Group,2.322,430,,2024-07-23
Intesa Sanpaolo,226.079,862.726,,2024-07-23
Inwit,4.014,1.136,,2024-07-23
Iren,1.898,204,,2024-07-23
Italgas,931,3.242,,2024-07-23
Iveco Group,1.032,543,,2024-07-23
Juventus Fc,55,99,,2024-07-23
Leonardo,5.208,4.125,,2024-07-23
Lottomatica Group,89,15,,2024-07-23
Maire,241,39,,2024-07-23
Mediobanca,9.022,39.424,,2024-07-23
Mfe B,488,535,,2024-07-23
Moncler,2.134,4.209,,2024-07-23
Mondadori Edit,1.066,50,,2024-07-23
Nexi,13.527,22.349,,2024-07-23
Ovs,499,348,,2024-07-23
Piaggio,131,295,,2024-07-23
Pirelli & C,4.197,18.953,,2024-07-23
Poste Italiane,9.210,12.459,,2024-07-23
Prysmian,4.649,3.336,,2024-07-23
Rai Way,,,,2024-07-23
Recordati Ord,477,288,,2024-07-23
Reply,3,11,,2024-07-23
Safilo Group,40,6,,2024-07-23
Saipem,12.670,8.306,,2024-07-23
Salvatore Ferragamo,319,795,,2024-07-23
Sanlorenzo,,,,2024-07-23
Saras,661,834,,2024-07-23
Sesa,3.265,285,,2024-07-23
Snam,11.222,13.392,,2024-07-23
Stellantis,106.212,292.525,,2024-07-23
Stmicroelectronics,5.475,8.492,,2024-07-23
Tamburi,53,28,,2024-07-23
Technogym,142,50,,2024-07-23
Technoprobe,160,,,2024-07-23
Telecom Italia,165.911,139.085,,2024-07-23
Telecom Italia R,13.262,12.802,,2024-07-23
Tenaris,9.368,12.867,,2024-07-23
Terna,1.342,7.051,,2024-07-23
Unicredit,45.044,122.356,,2024-07-23
Unipol,2.274,5.919,,2024-07-23
Webuild,854,1.820,,2024-07-23
Totale,1.603.746,3.549.484,,2024-07-23
Ftsemib,70.569,151.213,,2024-07-24
A2a,2.707,2.240,,2024-07-24
Acea,525,467,,2024-07-24
Amplifon,460,581,,2024-07-24
Anima Holding,290,62,,2024-07-24
Ariston Holding,48,16,,2024-07-24
Azimut,2.498,1.697,,2024-07-24
Banca Generali,2.915,1.155,,2024-07-24
Banca Ifis,4.888,535,,2024-07-24
Banca Mediolanum,1.560,1.415,,2024-07-24
Banca Monte Paschi Siena,8.127,21.718,,2024-07-24
Banco Bpm,42.133,165.186,,2024-07-24
Bca Pop Sondrio,366,375,,2024-07-24
Bff Bank,106,67,,2024-07-24
Bper Banca,10.946,13.686,,2024-07-24
Brembo,590,1.115,,2024-07-24
Brunello Cucinelli,161,366,,2024-07-24
Buzzi,901,815,,2024-07-24
Campari,8.634,6.972,,2024-07-24
Carel Industries,,,,2024-07-24
Danieli & C,461,51,,2024-07-24
De'Longhi,10,21,,2024-07-24
Diasorin,713,408,,2024-07-24
Enav,638,12,,2024-07-24
Enel,261.938,491.175,,2024-07-24
Eni,107.690,291.356,,2024-07-24
Erg,414,622,,2024-07-24
Ferrari,6.350,9.182,,2024-07-24
Fincantieri,340,1.024,,2024-07-24
Finecobank,1.572,11.510,,2024-07-24
Generali,400.496,771.488,,2024-07-24
Geox,93,50,,2024-07-24
Gvs,8,1,,2024-07-24
Hera,557,71,,2024-07-24
Industrie De Nora,807,453,,2024-07-24
Interpump Group,2.322,431,,2024-07-24
Intesa Sanpaolo,226.139,863.144,,2024-07-24
Inwit,4.034,1.136,,2024-07-24
Iren,1.898,204,,2024-07-24
Italgas,933,3.244,,2024-07-24
Iveco Group,1.410,716,,2024-07-24
Juventus Fc,55,99,,2024-07-24
Leonardo,5.341,4.199,,2024-07-24
Lottomatica Group,89,15,,2024-07-24
Maire,241,39,,2024-07-24
Mediobanca,9.007,39.458,,2024-07-24
Mfe B,498,540,,2024-07-24
Moncler,2.175,4.466,,2024-07-24
Mondadori Edit,1.066,50,,2024-07-24
Nexi,13.034,22.420,,2024-07-24
Ovs,499,358,,2024-07-24
Piaggio,131,297,,2024-07-24
Pirelli & C,4.197,18.953,,2024-07-24
Poste Italiane,9.213,12.463,,2024-07-24
Prysmian,4.597,3.422,,2024-07-24
Rai Way,,,,2024-07-24
Recordati Ord,477,288,,2024-07-24
Reply,3,11,,2024-07-24
Safilo Group,40,6,,2024-07-24
Saipem,13.132,8.579,,2024-07-24
Salvatore Ferragamo,319,809,,2024-07-24
Sanlorenzo,,,,2024-07-24
Saras,661,834,,2024-07-24
Sesa,3.265,285,,2024-07-24
Snam,11.228,13.392,,2024-07-24
Stellantis,108.101,291.996,,2024-07-24
Stmicroelectronics,5.479,8.508,,2024-07-24
Tamburi,53,28,,2024-07-24
Technogym,142,60,,2024-07-24
Technoprobe,160,,,2024-07-24
Telecom Italia,165.970,138.851,,2024-07-24
Telecom Italia R,13.266,12.802,,2024-07-24
Tenaris,9.391,12.955,,2024-07-24
Terna,1.368,7.056,,2024-07-24
Unicredit,45.317,120.533,,2024-07-24
Unipol,2.286,5.928,,2024-07-24
Webuild,871,1.831,,2024-07-24
Totale,1.608.919,3.547.511,,2024-07-24
Ftsemib,70.569,151.213,,2024-07-25
A2a,2.707,2.240,,2024-07-25
Acea,525,467,,2024-07-25
Amplifon,460,581,,2024-07-25
Anima Holding,290,62,,2024-07-25
Ariston Holding,48,16,,2024-07-25
Azimut,2.498,1.697,,2024-07-25
Banca Generali,2.915,1.155,,2024-07-25
Banca Ifis,4.888,535,,2024-07-25
Banca Mediolanum,1.560,1.415,,2024-07-25
Banca Monte Paschi Siena,8.127,21.718,,2024-07-25
Banco Bpm,42.133,165.186,,2024-07-25
Bca Pop Sondrio,366,375,,2024-07-25
Bff Bank,106,67,,2024-07-25
Bper Banca,10.946,13.686,,2024-07-25
Brembo,590,1.115,,2024-07-25
Brunello Cucinelli,161,366,,2024-07-25
Buzzi,901,815,,2024-07-25
Campari,8.634,6.972,,2024-07-25
Carel Industries,,,,2024-07-25
Danieli & C,461,51,,2024-07-25
De'Longhi,10,21,,2024-07-25
Diasorin,713,408,,2024-07-25
Enav,638,12,,2024-07-25
Enel,261.938,491.175,,2024-07-25
Eni,107.690,291.356,,2024-07-25
Erg,414,622,,2024-07-25
Ferrari,6.350,9.182,,2024-07-25
Fincantieri,340,1.024,,2024-07-25
Finecobank,1.572,11.510,,2024-07-25
Generali,400.496,771.488,,2024-07-25
Geox,93,50,,2024-07-25
Gvs,8,1,,2024-07-25
Hera,557,71,,2024-07-25
Industrie De Nora,807,453,,2024-07-25
Interpump Group,2.322,431,,2024-07-25
Intesa Sanpaolo,226.139,863.144,,2024-07-25
Inwit,4.034,1.136,,2024-07-25
Iren,1.898,204,,2024-07-25
Italgas,933,3.244,,2024-07-25
Iveco Group,1.410,716,,2024-07-25
Juventus Fc,55,99,,2024-07-25
Leonardo,5.341,4.199,,2024-07-25
Lottomatica Group,89,15,,2024-07-25
Maire,241,39,,2024-07-25
Mediobanca,9.007,39.458,,2024-07-25
Mfe B,498,540,,2024-07-25
Moncler,2.175,4.466,,2024-07-25
Mondadori Edit,1.066,50,,2024-07-25
Nexi,13.034,22.420,,2024-07-25
Ovs,499,358,,2024-07-25
Piaggio,131,297,,2024-07-25
Pirelli & C,4.197,18.953,,2024-07-25
Poste Italiane,9.213,12.463,,2024-07-25
Prysmian,4.597,3.422,,2024-07-25
Rai Way,,,,2024-07-25
Recordati Ord,477,288,,2024-07-25
Reply,3,11,,2024-07-25
Safilo Group,40,6,,2024-07-25
Saipem,13.132,8.579,,2024-07-25
Salvatore Ferragamo,319,809,,2024-07-25
Sanlorenzo,,,,2024-07-25
Saras,661,834,,2024-07-25
Sesa,3.265,285,,2024-07-25
Snam,11.228,13.392,,2024-07-25
Stellantis,108.101,291.996,,2024-07-25
Stmicroelectronics,5.479,8.508,,2024-07-25
Tamburi,53,28,,2024-07-25
Technogym,142,60,,2024-07-25
Technoprobe,160,,,2024-07-25
Telecom Italia,165.970,138.851,,2024-07-25
Telecom Italia R,13.266,12.802,,2024-07-25
Tenaris,9.391,12.955,,2024-07-25
Terna,1.368,7.056,,2024-07-25
Unicredit,45.317,120.533,,2024-07-25
Unipol,2.286,5.928,,2024-07-25
Webuild,871,1.831,,2024-07-25
Totale,1.608.919,3.547.511,,2024-07-25
Ftsemib,71.046,151.387,,2024-07-26
A2a,2.715,2.235,,2024-07-26
Acea,526,467,,2024-07-26
Amplifon,472,590,,2024-07-26
Anima Holding,290,62,,2024-07-26
Ariston Holding,48,16,,2024-07-26
Azimut,2.506,1.700,,2024-07-26
Banca Generali,2.916,1.155,,2024-07-26
Banca Ifis,4.887,535,,2024-07-26
Banca Mediolanum,1.560,1.416,,2024-07-26
Banca Monte Paschi Siena,8.193,21.724,,2024-07-26
Banco Bpm,42.156,164.930,,2024-07-26
Bca Pop Sondrio,366,375,,2024-07-26
Bff Bank,107,67,,2024-07-26
Bper Banca,10.947,13.727,,2024-07-26
Brembo,587,1.141,,2024-07-26
Brunello Cucinelli,161,366,,2024-07-26
Buzzi,912,823,,2024-07-26
Campari,8.636,6.985,,2024-07-26
Carel Industries,,,,2024-07-26
Danieli & C,460,52,,2024-07-26
De'Longhi,10,21,,2024-07-26
Diasorin,716,409,,2024-07-26
Enav,638,12,,2024-07-26
Enel,263.065,490.909,,2024-07-26
Eni,109.237,291.409,,2024-07-26
Erg,416,622,,2024-07-26
Ferrari,6.331,9.162,,2024-07-26
Fincantieri,340,1.024,,2024-07-26
Finecobank,1.574,11.511,,2024-07-26
Generali,401.396,771.481,,2024-07-26
Geox,93,50,,2024-07-26
Gvs,8,1,,2024-07-26
Hera,557,71,,2024-07-26
Industrie De Nora,807,453,,2024-07-26
Interpump Group,2.358,443,,2024-07-26
Intesa Sanpaolo,226.417,863.321,,2024-07-26
Inwit,4.034,1.136,,2024-07-26
Iren,1.898,204,,2024-07-26
Italgas,936,3.256,,2024-07-26
Iveco Group,1.432,793,,2024-07-26
Juventus Fc,55,99,,2024-07-26
Leonardo,5.407,4.656,,2024-07-26
Lottomatica Group,89,15,,2024-07-26
Maire,241,39,,2024-07-26
Mediobanca,9.007,39.746,,2024-07-26
Mfe B,483,540,,2024-07-26
Moncler,2.180,4.469,,2024-07-26
Mondadori Edit,1.066,50,,2024-07-26
Nexi,13.025,22.432,,2024-07-26
Ovs,499,358,,2024-07-26
Piaggio,131,298,,2024-07-26
Pirelli & C,4.200,18.965,,2024-07-26
Poste Italiane,9.206,12.473,,2024-07-26
Prysmian,4.637,3.431,,2024-07-26
Rai Way,,,,2024-07-26
Recordati Ord,477,287,,2024-07-26
Reply,3,11,,2024-07-26
Safilo Group,40,6,,2024-07-26
Saipem,13.163,8.601,,2024-07-26
Salvatore Ferragamo,321,815,,2024-07-26
Sanlorenzo,,,,2024-07-26
Saras,599,834,,2024-07-26
Sesa,3.267,285,,2024-07-26
Snam,11.228,13.396,,2024-07-26
Stellantis,109.715,303.459,,2024-07-26
Stmicroelectronics,5.525,8.730,,2024-07-26
Tamburi,53,28,,2024-07-26
Technogym,142,60,,2024-07-26
Technoprobe,160,,,2024-07-26
Telecom Italia,166.040,138.911,,2024-07-26
Telecom Italia R,13.266,12.802,,2024-07-26
Tenaris,9.391,12.976,,2024-07-26
Terna,1.421,7.055,,2024-07-26
Unicredit,45.431,120.695,,2024-07-26
Unipol,2.297,5.933,,2024-07-26
Webuild,871,1.839,,2024-07-26
Totale,1.615.390,3.560.335,,2024-07-26
Ftsemib,72.430,153.023,,2024-07-29
A2a,2.715,2.247,,2024-07-29
Acea,526,467,,2024-07-29
Amplifon,479,590,,2024-07-29
Anima Holding,290,62,,2024-07-29
Ariston Holding,48,16,,2024-07-29
Azimut,2.509,1.700,,2024-07-29
Banca Generali,2.931,1.158,,2024-07-29
Banca Ifis,4.887,535,,2024-07-29
Banca Mediolanum,1.561,1.426,,2024-07-29
Banca Monte Paschi Siena,8.205,21.724,,2024-07-29
Banco Bpm,42.186,164.924,,2024-07-29
Bca Pop Sondrio,368,377,,2024-07-29
Bff Bank,107,67,,2024-07-29
Bper Banca,10.962,13.731,,2024-07-29
Brembo,593,1.141,,2024-07-29
Brunello Cucinelli,164,367,,2024-07-29
Buzzi,912,823,,2024-07-29
Campari,8.659,6.983,,2024-07-29
Carel Industries,,,,2024-07-29
Danieli & C,461,52,,2024-07-29
De'Longhi,10,21,,2024-07-29
Diasorin,717,411,,2024-07-29
Enav,638,12,,2024-07-29
Enel,263.879,492.391,,2024-07-29
Eni,109.577,291.348,,2024-07-29
Erg,417,622,,2024-07-29
Ferrari,6.348,9.230,,2024-07-29
Fincantieri,340,1.024,,2024-07-29
Finecobank,1.574,11.527,,2024-07-29
Generali,401.412,771.472,,2024-07-29
Geox,93,50,,2024-07-29
Gvs,8,1,,2024-07-29
Hera,559,71,,2024-07-29
Industrie De Nora,807,453,,2024-07-29
Interpump Group,2.359,443,,2024-07-29
Intesa Sanpaolo,227.073,864.902,,2024-07-29
Inwit,4.034,1.136,,2024-07-29
Iren,1.898,227,,2024-07-29
Italgas,936,3.275,,2024-07-29
Iveco Group,1.436,801,,2024-07-29
Juventus Fc,55,99,,2024-07-29
Leonardo,5.514,4.783,,2024-07-29
Lottomatica Group,89,15,,2024-07-29
Maire,241,39,,2024-07-29
Mediobanca,9.024,40.147,,2024-07-29
Mfe B,480,540,,2024-07-29
Moncler,2.182,4.367,,2024-07-29
Mondadori Edit,1.066,50,,2024-07-29
Nexi,13.028,22.455,,2024-07-29
Ovs,499,358,,2024-07-29
Piaggio,131,298,,2024-07-29
Pirelli & C,4.201,18.966,,2024-07-29
Poste Italiane,9.206,12.473,,2024-07-29
Prysmian,4.669,3.431,,2024-07-29
Rai Way,,,,2024-07-29
Recordati Ord,477,287,,2024-07-29
Reply,3,11,,2024-07-29
Safilo Group,40,6,,2024-07-29
Saipem,13.178,8.605,,2024-07-29
Salvatore Ferragamo,321,817,,2024-07-29
Sanlorenzo,,,,2024-07-29
Saras,602,834,,2024-07-29
Sesa,3.268,285,,2024-07-29
Snam,11.228,13.445,,2024-07-29
Stellantis,111.523,308.091,,2024-07-29
Stmicroelectronics,5.614,8.270,,2024-07-29
Tamburi,63,28,,2024-07-29
Technogym,142,60,,2024-07-29
Technoprobe,160,,,2024-07-29
Telecom Italia,166.160,138.951,,2024-07-29
Telecom Italia R,13.266,12.812,,2024-07-29
Tenaris,9.371,13.131,,2024-07-29
Terna,1.425,7.035,,2024-07-29
Unicredit,45.108,120.759,,2024-07-29
Unipol,2.311,5.935,,2024-07-29
Webuild,855,1.862,,2024-07-29
Totale,1.620.608,3.570.075,,2024-07-29
Ftsemib,72.571,153.408,,2024-07-30
A2a,2.729,2.248,,2024-07-30
Acea,526,467,,2024-07-30
Amplifon,482,591,,2024-07-30
Anima Holding,290,62,,2024-07-30
Ariston Holding,48,16,,2024-07-30
Azimut,2.508,1.704,,2024-07-30
Banca Generali,2.932,1.161,,2024-07-30
Banca Ifis,4.888,535,,2024-07-30
Banca Mediolanum,1.575,1.426,,2024-07-30
Banca Monte Paschi Siena,8.228,21.730,,2024-07-30
Banco Bpm,42.193,164.933,,2024-07-30
Bca Pop Sondrio,368,377,,2024-07-30
Bff Bank,107,67,,2024-07-30
Bper Banca,10.972,13.741,,2024-07-30
Brembo,593,1.141,,2024-07-30
Brunello Cucinelli,164,367,,2024-07-30
Buzzi,912,844,,2024-07-30
Campari,8.696,7.019,,2024-07-30
Carel Industries,,,,2024-07-30
Danieli & C,461,52,,2024-07-30
De'Longhi,11,21,,2024-07-30
Diasorin,721,419,,2024-07-30
Enav,638,12,,2024-07-30
Enel,266.141,494.430,,2024-07-30
Eni,109.666,291.417,,2024-07-30
Erg,418,622,,2024-07-30
Ferrari,6.360,9.239,,2024-07-30
Fincantieri,340,1.024,,2024-07-30
Finecobank,1.574,11.528,,2024-07-30
Generali,401.366,771.466,,2024-07-30
Geox,93,50,,2024-07-30
Gvs,8,1,,2024-07-30
Hera,559,71,,2024-07-30
Industrie De Nora,807,453,,2024-07-30
Interpump Group,2.373,444,,2024-07-30
Intesa Sanpaolo,230.136,864.935,,2024-07-30
Inwit,4.034,1.136,,2024-07-30
Iren,1.901,227,,2024-07-30
Italgas,938,3.275,,2024-07-30
Iveco Group,1.446,825,,2024-07-30
Juventus Fc,55,99,,2024-07-30
Leonardo,5.672,5.321,,2024-07-30
Lottomatica Group,89,15,,2024-07-30
Maire,241,39,,2024-07-30
Mediobanca,9.062,41.479,,2024-07-30
Mfe B,480,540,,2024-07-30
Moncler,2.182,4.614,,2024-07-30
Mondadori Edit,1.066,50,,2024-07-30
Nexi,13.028,22.491,,2024-07-30
Ovs,499,358,,2024-07-30
Piaggio,152,379,,2024-07-30
Pirelli & C,4.202,18.971,,2024-07-30
Poste Italiane,9.371,12.465,,2024-07-30
Prysmian,4.669,3.431,,2024-07-30
Rai Way,,,,2024-07-30
Recordati Ord,477,287,,2024-07-30
Reply,3,11,,2024-07-30
Safilo Group,40,6,,2024-07-30
Saipem,13.175,8.916,,2024-07-30
Salvatore Ferragamo,321,817,,2024-07-30
Sanlorenzo,,,,2024-07-30
Saras,603,834,,2024-07-30
Sesa,3.268,285,,2024-07-30
Snam,11.650,13.442,,2024-07-30
Stellantis,116.073,321.526,,2024-07-30
Stmicroelectronics,5.653,8.435,,2024-07-30
Tamburi,65,27,,2024-07-30
Technogym,142,64,,2024-07-30
Technoprobe,160,,,2024-07-30
Telecom Italia,166.167,138.952,,2024-07-30
Telecom Italia R,13.266,12.812,,2024-07-30
Tenaris,9.426,13.313,,2024-07-30
Terna,1.435,7.043,,2024-07-30
Unicredit,45.343,120.957,,2024-07-30
Unipol,2.311,5.965,,2024-07-30
Webuild,862,1.865,,2024-07-30
Totale,1.631.981,3.589.293,,2024-07-30
Ftsemib,75.109,154.358,,2024-07-31
A2a,2.772,2.263,,2024-07-31
Acea,526,467,,2024-07-31
Amplifon,494,592,,2024-07-31
Anima Holding,290,62,,2024-07-31
Ariston Holding,48,16,,2024-07-31
Azimut,2.511,1.713,,2024-07-31
Banca Generali,2.962,1.161,,2024-07-31
Banca Ifis,4.891,535,,2024-07-31
Banca Mediolanum,1.575,1.426,,2024-07-31
Banca Monte Paschi Siena,8.248,21.729,,2024-07-31
Banco Bpm,43.197,164.939,,2024-07-31
Bca Pop Sondrio,374,377,,2024-07-31
Bff Bank,111,71,,2024-07-31
Bper Banca,10.989,13.742,,2024-07-31
Brembo,583,1.158,,2024-07-31
Brunello Cucinelli,164,368,,2024-07-31
Buzzi,922,847,,2024-07-31
Campari,9.027,7.041,,2024-07-31
Carel Industries,,,,2024-07-31
Danieli & C,461,52,,2024-07-31
De'Longhi,11,23,,2024-07-31
Diasorin,732,426,,2024-07-31
Enav,638,12,,2024-07-31
Enel,264.338,494.516,,2024-07-31
Eni,109.687,291.388,,2024-07-31
Erg,418,632,,2024-07-31
Ferrari,6.368,9.245,,2024-07-31
Fincantieri,340,1.024,,2024-07-31
Finecobank,1.595,11.550,,2024-07-31
Generali,403.330,771.429,,2024-07-31
Geox,93,50,,2024-07-31
Gvs,8,1,,2024-07-31
Hera,559,72,,2024-07-31
Industrie De Nora,807,453,,2024-07-31
Interpump Group,2.572,548,,2024-07-31
Intesa Sanpaolo,231.159,865.044,,2024-07-31
Inwit,4.034,1.136,,2024-07-31
Iren,1.902,238,,2024-07-31
Italgas,942,3.280,,2024-07-31
Iveco Group,1.448,825,,2024-07-31
Juventus Fc,55,99,,2024-07-31
Leonardo,5.711,5.329,,2024-07-31
Lottomatica Group,89,15,,2024-07-31
Maire,241,39,,2024-07-31
Mediobanca,9.076,41.479,,2024-07-31
Mfe B,480,540,,2024-07-31
Moncler,2.182,4.618,,2024-07-31
Mondadori Edit,1.066,50,,2024-07-31
Nexi,13.066,22.491,,2024-07-31
Ovs,499,358,,2024-07-31
Piaggio,152,419,,2024-07-31
Pirelli & C,4.202,18.971,,2024-07-31
Poste Italiane,9.385,12.379,,2024-07-31
Prysmian,4.674,3.463,,2024-07-31
Rai Way,,,,2024-07-31
Recordati Ord,477,310,,2024-07-31
Reply,3,11,,2024-07-31
Safilo Group,40,6,,2024-07-31
Saipem,13.365,9.212,,2024-07-31
Salvatore Ferragamo,321,817,,2024-07-31
Sanlorenzo,,,,2024-07-31
Saras,603,834,,2024-07-31
Sesa,4.575,285,,2024-07-31
Snam,11.660,13.446,,2024-07-31
Stellantis,121.361,319.771,,2024-07-31
Stmicroelectronics,5.744,8.281,,2024-07-31
Tamburi,67,28,,2024-07-31
Technogym,142,64,,2024-07-31
Technoprobe,160,,,2024-07-31
Telecom Italia,166.169,138.952,,2024-07-31
Telecom Italia R,13.266,12.812,,2024-07-31
Tenaris,9.427,13.415,,2024-07-31
Terna,1.451,7.042,,2024-07-31
Unicredit,45.390,121.781,,2024-07-31
Unipol,2.311,5.965,,2024-07-31
Webuild,874,1.874,,2024-07-31
Totale,1.644.519,3.589.965,,2024-07-31
Ftsemib,75.214,154.670,,2024-08-01
A2a,2.771,2.265,,2024-08-01
Acea,527,464,,2024-08-01
Amplifon,502,594,,2024-08-01
Anima Holding,290,62,,2024-08-01
Ariston Holding,48,16,,2024-08-01
Azimut,2.512,1.720,,2024-08-01
Banca Generali,2.962,1.178,,2024-08-01
Banca Ifis,4.891,535,,2024-08-01
Banca Mediolanum,1.575,1.436,,2024-08-01
Banca Monte Paschi Siena,8.259,21.749,,2024-08-01
Banco Bpm,43.206,164.957,,2024-08-01
Bca Pop Sondrio,374,377,,2024-08-01
Bff Bank,113,75,,2024-08-01
Bper Banca,10.993,13.749,,2024-08-01
Brembo,583,1.158,,2024-08-01
Brunello Cucinelli,164,443,,2024-08-01
Buzzi,922,847,,2024-08-01
Campari,9.178,6.955,,2024-08-01
Carel Industries,,,,2024-08-01
Danieli & C,461,52,,2024-08-01
De'Longhi,11,28,,2024-08-01
Diasorin,731,426,,2024-08-01
Enav,638,12,,2024-08-01
Enel,264.521,494.487,,2024-08-01
Eni,109.825,291.381,,2024-08-01
Erg,419,632,,2024-08-01
Ferrari,6.689,9.865,,2024-08-01
Fincantieri,342,1.024,,2024-08-01
Finecobank,1.609,11.592,,2024-08-01
Generali,405.843,771.674,,2024-08-01
Geox,93,50,,2024-08-01
Gvs,8,1,,2024-08-01
Hera,559,72,,2024-08-01
Industrie De Nora,807,453,,2024-08-01
Interpump Group,2.574,558,,2024-08-01
Intesa Sanpaolo,231.456,865.145,,2024-08-01
Inwit,4.036,1.136,,2024-08-01
Iren,1.902,256,,2024-08-01
Italgas,943,3.278,,2024-08-01
Iveco Group,1.520,842,,2024-08-01
Juventus Fc,55,99,,2024-08-01
Leonardo,5.690,5.370,,2024-08-01
Lottomatica Group,89,15,,2024-08-01
Maire,241,39,,2024-08-01
Mediobanca,9.194,41.486,,2024-08-01
Mfe B,481,540,,2024-08-01
Moncler,2.183,4.633,,2024-08-01
Mondadori Edit,1.066,50,,2024-08-01
Nexi,13.088,28.569,,2024-08-01
Ovs,499,358,,2024-08-01
Piaggio,154,416,,2024-08-01
Pirelli & C,4.202,18.969,,2024-08-01
Poste Italiane,9.399,12.382,,2024-08-01
Prysmian,4.710,3.605,,2024-08-01
Rai Way,,,,2024-08-01
Recordati Ord,482,310,,2024-08-01
Reply,3,11,,2024-08-01
Safilo Group,40,6,,2024-08-01
Saipem,13.401,9.133,,2024-08-01
Salvatore Ferragamo,333,817,,2024-08-01
Sanlorenzo,,,,2024-08-01
Saras,488,834,,2024-08-01
Sesa,4.575,285,,2024-08-01
Snam,11.721,13.452,,2024-08-01
Stellantis,123.649,319.854,,2024-08-01
Stmicroelectronics,5.829,8.443,,2024-08-01
Tamburi,67,32,,2024-08-01
Technogym,142,75,,2024-08-01
Technoprobe,160,,,2024-08-01
Telecom Italia,166.511,140.885,,2024-08-01
Telecom Italia R,13.272,12.812,,2024-08-01
Tenaris,9.421,13.417,,2024-08-01
Terna,1.451,7.043,,2024-08-01
Unicredit,45.504,121.844,,2024-08-01
Unipol,2.316,5.977,,2024-08-01
Webuild,880,1.876,,2024-08-01
Totale,1.651.367,3.599.851,,2024-08-01
Ftsemib,75.340,154.360,,2024-08-02
A2a,2.772,2.268,,2024-08-02
Acea,527,464,,2024-08-02
Amplifon,508,594,,2024-08-02
Anima Holding,290,62,,2024-08-02
Ariston Holding,48,16,,2024-08-02
Azimut,2.518,1.756,,2024-08-02
Banca Generali,2.964,1.178,,2024-08-02
Banca Ifis,4.891,535,,2024-08-02
Banca Mediolanum,1.588,1.437,,2024-08-02
Banca Monte Paschi Siena,8.305,21.964,,2024-08-02
Banco Bpm,43.241,166.989,,2024-08-02
Bca Pop Sondrio,374,379,,2024-08-02
Bff Bank,129,97,,2024-08-02
Bper Banca,11.018,13.759,,2024-08-02
Brembo,583,1.158,,2024-08-02
Brunello Cucinelli,164,443,,2024-08-02
Buzzi,922,847,,2024-08-02
Campari,9.244,6.967,,2024-08-02
Carel Industries,,,,2024-08-02
Danieli & C,461,52,,2024-08-02
De'Longhi,13,34,,2024-08-02
Diasorin,732,426,,2024-08-02
Enav,579,13,,2024-08-02
Enel,264.986,497.747,,2024-08-02
Eni,110.048,291.512,,2024-08-02
Erg,420,634,,2024-08-02
Ferrari,6.669,9.920,,2024-08-02
Fincantieri,342,1.024,,2024-08-02
Finecobank,1.615,11.599,,2024-08-02
Generali,406.234,771.891,,2024-08-02
Geox,93,50,,2024-08-02
Gvs,8,1,,2024-08-02
Hera,559,82,,2024-08-02
Industrie De Nora,807,453,,2024-08-02
Interpump Group,2.574,668,,2024-08-02
Intesa Sanpaolo,232.347,869.609,,2024-08-02
Inwit,4.034,1.136,,2024-08-02
Iren,1.901,257,,2024-08-02
Italgas,943,3.278,,2024-08-02
Iveco Group,1.520,841,,2024-08-02
Juventus Fc,55,99,,2024-08-02
Leonardo,5.712,5.432,,2024-08-02
Lottomatica Group,89,15,,2024-08-02
Maire,241,39,,2024-08-02
Mediobanca,10.866,41.848,,2024-08-02
Mfe B,493,540,,2024-08-02
Moncler,2.186,4.539,,2024-08-02
Mondadori Edit,1.066,50,,2024-08-02
Nexi,13.869,24.557,,2024-08-02
Ovs,499,358,,2024-08-02
Piaggio,154,407,,2024-08-02
Pirelli & C,4.203,18.978,,2024-08-02
Poste Italiane,9.400,12.407,,2024-08-02
Prysmian,4.812,3.649,,2024-08-02
Rai Way,,,,2024-08-02
Recordati Ord,482,310,,2024-08-02
Reply,3,11,,2024-08-02
Safilo Group,40,6,,2024-08-02
Saipem,13.406,9.158,,2024-08-02
Salvatore Ferragamo,333,821,,2024-08-02
Sanlorenzo,,,,2024-08-02
Saras,494,829,,2024-08-02
Sesa,4.575,285,,2024-08-02
Snam,12.721,14.474,,2024-08-02
Stellantis,126.524,323.674,,2024-08-02
Stmicroelectronics,5.855,8.295,,2024-08-02
Tamburi,67,32,,2024-08-02
Technogym,142,75,,2024-08-02
Technoprobe,160,,,2024-08-02
Telecom Italia,166.708,140.775,,2024-08-02
Telecom Italia R,13.283,12.825,,2024-08-02
Tenaris,9.641,13.683,,2024-08-02
Terna,1.459,7.064,,2024-08-02
Unicredit,46.417,122.395,,2024-08-02
Unipol,2.321,5.987,,2024-08-02
Webuild,880,1.877,,2024-08-02
Totale,1.661.467,3.611.994,,2024-08-02
Ftsemib,76.161,156.501,,2024-08-05
A2a,2.772,2.269,,2024-08-05
Acea,528,464,,2024-08-05
Amplifon,515,594,,2024-08-05
Anima Holding,290,73,,2024-08-05
Ariston Holding,48,17,,2024-08-05
Azimut,2.537,1.769,,2024-08-05
Banca Generali,2.962,1.179,,2024-08-05
Banca Ifis,4.893,535,,2024-08-05
Banca Mediolanum,1.088,1.437,,2024-08-05
Banca Monte Paschi Siena,8.637,23.188,,2024-08-05
Banco Bpm,43.383,167.043,,2024-08-05
Bca Pop Sondrio,464,381,,2024-08-05
Bff Bank,131,99,,2024-08-05
Bper Banca,11.087,14.137,,2024-08-05
Brembo,583,1.163,,2024-08-05
Brunello Cucinelli,166,443,,2024-08-05
Buzzi,930,933,,2024-08-05
Campari,9.251,6.967,,2024-08-05
Carel Industries,,,,2024-08-05
Danieli & C,461,52,,2024-08-05
De'Longhi,13,38,,2024-08-05
Diasorin,732,431,,2024-08-05
Enav,579,13,,2024-08-05
Enel,266.110,498.092,,2024-08-05
Eni,109.985,291.684,,2024-08-05
Erg,421,634,,2024-08-05
Ferrari,6.707,9.920,,2024-08-05
Fincantieri,342,1.024,,2024-08-05
Finecobank,1.654,11.616,,2024-08-05
Generali,411.939,773.853,,2024-08-05
Geox,93,50,,2024-08-05
Gvs,8,1,,2024-08-05
Hera,558,83,,2024-08-05
Industrie De Nora,807,453,,2024-08-05
Interpump Group,2.579,689,,2024-08-05
Intesa Sanpaolo,233.364,873.870,,2024-08-05
Inwit,4.034,1.136,,2024-08-05
Iren,1.902,258,,2024-08-05
Italgas,943,3.268,,2024-08-05
Iveco Group,1.535,794,,2024-08-05
Juventus Fc,55,99,,2024-08-05
Leonardo,5.553,5.440,,2024-08-05
Lottomatica Group,89,15,,2024-08-05
Maire,241,41,,2024-08-05
Mediobanca,11.028,41.701,,2024-08-05
Mfe B,500,540,,2024-08-05
Moncler,2.196,4.423,,2024-08-05
Mondadori Edit,1.066,53,,2024-08-05
Nexi,13.870,24.558,,2024-08-05
Ovs,499,358,,2024-08-05
Piaggio,153,407,,2024-08-05
Pirelli & C,4.474,19.109,,2024-08-05
Poste Italiane,10.400,12.454,,2024-08-05
Prysmian,5.013,3.652,,2024-08-05
Rai Way,,,,2024-08-05
Recordati Ord,482,310,,2024-08-05
Reply,3,11,,2024-08-05
Safilo Group,40,6,,2024-08-05
Saipem,13.435,9.429,,2024-08-05
Salvatore Ferragamo,351,804,,2024-08-05
Sanlorenzo,,,,2024-08-05
Saras,452,829,,2024-08-05
Sesa,4.580,285,,2024-08-05
Snam,12.765,14.611,,2024-08-05
Stellantis,121.597,326.759,,2024-08-05
Stmicroelectronics,5.943,8.742,,2024-08-05
Tamburi,73,32,,2024-08-05
Technogym,142,61,,2024-08-05
Technoprobe,160,,,2024-08-05
Telecom Italia,166.763,140.889,,2024-08-05
Telecom Italia R,13.283,12.825,,2024-08-05
Tenaris,6.944,10.928,,2024-08-05
Terna,1.460,7.056,,2024-08-05
Unicredit,46.663,122.464,,2024-08-05
Unipol,2.318,5.994,,2024-08-05
Webuild,879,1.882,,2024-08-05
Totale,1.664.662,3.623.918,,2024-08-05
Ftsemib,76.702,158.144,,2024-08-06
A2a,2.772,2.261,,2024-08-06
Acea,527,464,,2024-08-06
Amplifon,515,583,,2024-08-06
Anima Holding,290,366,,2024-08-06
Ariston Holding,48,17,,2024-08-06
Azimut,2.559,1.718,,2024-08-06
Banca Generali,2.964,1.203,,2024-08-06
Banca Ifis,4.893,535,,2024-08-06
Banca Mediolanum,1.084,1.433,,2024-08-06
Banca Monte Paschi Siena,8.737,23.446,,2024-08-06
Banco Bpm,43.451,168.282,,2024-08-06
Bca Pop Sondrio,474,381,,2024-08-06
Bff Bank,133,99,,2024-08-06
Bper Banca,11.163,14.146,,2024-08-06
Brembo,583,1.167,,2024-08-06
Brunello Cucinelli,168,443,,2024-08-06
Buzzi,928,960,,2024-08-06
Campari,9.257,6.966,,2024-08-06
Carel Industries,,,,2024-08-06
Danieli & C,461,85,,2024-08-06
De'Longhi,13,38,,2024-08-06
Diasorin,732,431,,2024-08-06
Enav,579,13,,2024-08-06
Enel,265.993,502.256,,2024-08-06
Eni,109.960,291.562,,2024-08-06
Erg,426,634,,2024-08-06
Ferrari,6.722,9.891,,2024-08-06
Fincantieri,342,1.024,,2024-08-06
Finecobank,1.577,11.617,,2024-08-06
Generali,407.246,775.329,,2024-08-06
Geox,93,50,,2024-08-06
Gvs,8,1,,2024-08-06
Hera,558,85,,2024-08-06
Industrie De Nora,807,453,,2024-08-06
Interpump Group,2.579,763,,2024-08-06
Intesa Sanpaolo,233.814,874.576,,2024-08-06
Inwit,4.034,1.136,,2024-08-06
Iren,1.902,257,,2024-08-06
Italgas,944,3.269,,2024-08-06
Iveco Group,1.542,793,,2024-08-06
Juventus Fc,55,99,,2024-08-06
Leonardo,5.567,5.472,,2024-08-06
Lottomatica Group,89,15,,2024-08-06
Maire,243,42,,2024-08-06
Mediobanca,11.062,42.062,,2024-08-06
Mfe B,500,540,,2024-08-06
Moncler,2.199,4.399,,2024-08-06
Mondadori Edit,1.066,53,,2024-08-06
Nexi,13.932,24.503,,2024-08-06
Ovs,499,358,,2024-08-06
Piaggio,153,409,,2024-08-06
Pirelli & C,4.477,19.109,,2024-08-06
Poste Italiane,10.441,12.637,,2024-08-06
Prysmian,5.024,3.713,,2024-08-06
Rai Way,,,,2024-08-06
Recordati Ord,482,310,,2024-08-06
Reply,3,11,,2024-08-06
Safilo Group,40,6,,2024-08-06
Saipem,13.429,9.698,,2024-08-06
Salvatore Ferragamo,351,805,,2024-08-06
Sanlorenzo,,,,2024-08-06
Saras,452,829,,2024-08-06
Sesa,4.580,285,,2024-08-06
Snam,12.765,14.611,,2024-08-06
Stellantis,121.685,327.888,,2024-08-06
Stmicroelectronics,5.984,8.728,,2024-08-06
Tamburi,73,32,,2024-08-06
Technogym,152,61,,2024-08-06
Technoprobe,160,10,,2024-08-06
Telecom Italia,166.807,140.679,,2024-08-06
Telecom Italia R,13.283,12.825,,2024-08-06
Tenaris,6.944,10.942,,2024-08-06
Terna,1.460,7.055,,2024-08-06
Unicredit,46.709,121.803,,2024-08-06
Unipol,2.362,6.034,,2024-08-06
Webuild,883,1.884,,2024-08-06
Totale,1.661.491,3.634.784,,2024-08-06
Ftsemib,78.387,156.426,,2024-08-07
A2a,2.775,2.296,,2024-08-07
Acea,527,464,,2024-08-07
Amplifon,515,583,,2024-08-07
Anima Holding,291,366,,2024-08-07
Ariston Holding,48,17,,2024-08-07
Azimut,2.579,1.738,,2024-08-07
Banca Generali,2.966,1.201,,2024-08-07
Banca Ifis,4.893,536,,2024-08-07
Banca Mediolanum,1.087,1.473,,2024-08-07
Banca Monte Paschi Siena,8.805,24.062,,2024-08-07
Banco Bpm,43.254,168.248,,2024-08-07
Bca Pop Sondrio,471,381,,2024-08-07
Bff Bank,133,99,,2024-08-07
Bper Banca,11.158,14.197,,2024-08-07
Brembo,584,1.167,,2024-08-07
Brunello Cucinelli,116,439,,2024-08-07
Buzzi,933,961,,2024-08-07
Campari,9.260,6.966,,2024-08-07
Carel Industries,,,,2024-08-07
Danieli & C,461,85,,2024-08-07
De'Longhi,13,37,,2024-08-07
Diasorin,734,437,,2024-08-07
Enav,579,13,,2024-08-07
Enel,265.891,503.909,,2024-08-07
Eni,110.023,291.576,,2024-08-07
Erg,425,667,,2024-08-07
Ferrari,6.773,9.997,,2024-08-07
Fincantieri,342,1.024,,2024-08-07
Finecobank,1.647,11.706,,2024-08-07
Generali,412.153,780.764,,2024-08-07
Geox,93,50,,2024-08-07
Gvs,8,1,,2024-08-07
Hera,558,87,,2024-08-07
Industrie De Nora,807,453,,2024-08-07
Interpump Group,2.589,768,,2024-08-07
Intesa Sanpaolo,234.417,874.215,,2024-08-07
Inwit,4.034,1.136,,2024-08-07
Iren,1.902,257,,2024-08-07
Italgas,944,3.270,,2024-08-07
Iveco Group,1.544,793,,2024-08-07
Juventus Fc,55,99,,2024-08-07
Leonardo,5.522,5.469,,2024-08-07
Lottomatica Group,89,15,,2024-08-07
Maire,243,42,,2024-08-07
Mediobanca,11.099,42.167,,2024-08-07
Mfe B,497,540,,2024-08-07
Moncler,2.219,4.415,,2024-08-07
Mondadori Edit,1.066,53,,2024-08-07
Nexi,13.956,24.504,,2024-08-07
Ovs,492,368,,2024-08-07
Piaggio,153,410,,2024-08-07
Pirelli & C,4.507,19.151,,2024-08-07
Poste Italiane,10.499,12.723,,2024-08-07
Prysmian,5.026,3.713,,2024-08-07
Rai Way,,,,2024-08-07
Recordati Ord,482,310,,2024-08-07
Reply,3,11,,2024-08-07
Safilo Group,40,6,,2024-08-07
Saipem,13.456,9.853,,2024-08-07
Salvatore Ferragamo,351,805,,2024-08-07
Sanlorenzo,,,,2024-08-07
Saras,453,839,,2024-08-07
Sesa,4.590,285,,2024-08-07
Snam,12.855,20.712,,2024-08-07
Stellantis,122.044,329.158,,2024-08-07
Stmicroelectronics,6.357,9.061,,2024-08-07
Tamburi,74,33,,2024-08-07
Technogym,152,61,,2024-08-07
Technoprobe,160,10,,2024-08-07
Telecom Italia,166.824,140.822,,2024-08-07
Telecom Italia R,13.285,12.825,,2024-08-07
Tenaris,6.961,10.930,,2024-08-07
Terna,1.460,7.107,,2024-08-07
Unicredit,46.461,121.797,,2024-08-07
Unipol,2.377,6.360,,2024-08-07
Webuild,902,1.884,,2024-08-07
Totale,1.669.429,3.649.403,,2024-08-07
Ftsemib,78.701,155.386,,2024-08-08
A2a,2.775,2.296,,2024-08-08
Acea,532,465,,2024-08-08
Amplifon,520,580,,2024-08-08
Anima Holding,291,366,,2024-08-08
Ariston Holding,48,17,,2024-08-08
Azimut,2.598,1.726,,2024-08-08
Banca Generali,2.966,1.201,,2024-08-08
Banca Ifis,4.893,536,,2024-08-08
Banca Mediolanum,1.089,1.472,,2024-08-08
Banca Monte Paschi Siena,11.964,24.040,,2024-08-08
Banco Bpm,43.627,168.350,,2024-08-08
Bca Pop Sondrio,528,391,,2024-08-08
Bff Bank,137,99,,2024-08-08
Bper Banca,11.181,15.233,,2024-08-08
Brembo,584,1.168,,2024-08-08
Brunello Cucinelli,119,469,,2024-08-08
Buzzi,945,960,,2024-08-08
Campari,9.262,6.966,,2024-08-08
Carel Industries,,,,2024-08-08
Danieli & C,461,85,,2024-08-08
De'Longhi,13,36,,2024-08-08
Diasorin,734,445,,2024-08-08
Enav,579,13,,2024-08-08
Enel,269.811,505.325,,2024-08-08
Eni,110.557,291.789,,2024-08-08
Erg,428,671,,2024-08-08
Ferrari,6.769,10.016,,2024-08-08
Fincantieri,342,1.024,,2024-08-08
Finecobank,1.920,12.003,,2024-08-08
Generali,412.476,780.712,,2024-08-08
Geox,93,50,,2024-08-08
Gvs,8,1,,2024-08-08
Hera,558,87,,2024-08-08
Industrie De Nora,807,453,,2024-08-08
Interpump Group,2.589,779,,2024-08-08
Intesa Sanpaolo,238.124,877.847,,2024-08-08
Inwit,4.035,1.136,,2024-08-08
Iren,1.908,257,,2024-08-08
Italgas,947,3.277,,2024-08-08
Iveco Group,1.555,795,,2024-08-08
Juventus Fc,55,99,,2024-08-08
Leonardo,5.532,5.470,,2024-08-08
Lottomatica Group,89,15,,2024-08-08
Maire,247,42,,2024-08-08
Mediobanca,11.133,42.204,,2024-08-08
Mfe B,499,540,,2024-08-08
Moncler,2.221,4.408,,2024-08-08
Mondadori Edit,1.066,53,,2024-08-08
Nexi,13.981,25.663,,2024-08-08
Ovs,492,368,,2024-08-08
Piaggio,153,410,,2024-08-08
Pirelli & C,4.549,19.168,,2024-08-08
Poste Italiane,10.749,12.972,,2024-08-08
Prysmian,5.029,3.746,,2024-08-08
Rai Way,,,,2024-08-08
Recordati Ord,482,310,,2024-08-08
Reply,3,11,,2024-08-08
Safilo Group,40,6,,2024-08-08
Saipem,13.571,9.795,,2024-08-08
Salvatore Ferragamo,351,803,,2024-08-08
Sanlorenzo,,,,2024-08-08
Saras,454,866,,2024-08-08
Sesa,4.605,286,,2024-08-08
Snam,12.896,20.895,,2024-08-08
Stellantis,122.685,324.749,,2024-08-08
Stmicroelectronics,6.552,8.170,,2024-08-08
Tamburi,75,37,,2024-08-08
Technogym,152,61,,2024-08-08
Technoprobe,160,10,,2024-08-08
Telecom Italia,166.882,140.881,,2024-08-08
Telecom Italia R,13.285,12.825,,2024-08-08
Tenaris,6.996,10.993,,2024-08-08
Terna,1.610,7.437,,2024-08-08
Unicredit,45.768,122.268,,2024-08-08
Unipol,2.423,6.362,,2024-08-08
Webuild,905,1.885,,2024-08-08
Totale,1.683.164,3.652.330,,2024-08-08
Ftsemib,79.854,163.969,,2024-08-09
A2a,2.812,2.280,,2024-08-09
Acea,532,465,,2024-08-09
Amplifon,524,581,,2024-08-09
Anima Holding,291,369,,2024-08-09
Ariston Holding,48,17,,2024-08-09
Azimut,2.603,1.729,,2024-08-09
Banca Generali,2.966,1.201,,2024-08-09
Banca Ifis,4.893,536,,2024-08-09
Banca Mediolanum,1.089,1.472,,2024-08-09
Banca Monte Paschi Siena,11.895,27.544,,2024-08-09
Banco Bpm,43.842,171.622,,2024-08-09
Bca Pop Sondrio,528,411,,2024-08-09
Bff Bank,139,101,,2024-08-09
Bper Banca,11.210,15.256,,2024-08-09
Brembo,584,1.168,,2024-08-09
Brunello Cucinelli,121,470,,2024-08-09
Buzzi,971,960,,2024-08-09
Campari,9.264,6.977,,2024-08-09
Carel Industries,,,,2024-08-09
Danieli & C,463,85,,2024-08-09
De'Longhi,13,36,,2024-08-09
Diasorin,735,445,,2024-08-09
Enav,579,13,,2024-08-09
Enel,270.006,505.349,,2024-08-09
Eni,110.562,292.799,,2024-08-09
Erg,429,672,,2024-08-09
Ferrari,6.777,10.032,,2024-08-09
Fincantieri,342,1.024,,2024-08-09
Finecobank,1.940,12.013,,2024-08-09
Generali,412.789,778.254,,2024-08-09
Geox,93,50,,2024-08-09
Gvs,8,1,,2024-08-09
Hera,563,87,,2024-08-09
Industrie De Nora,813,453,,2024-08-09
Interpump Group,2.589,779,,2024-08-09
Intesa Sanpaolo,238.162,878.167,,2024-08-09
Inwit,4.035,1.136,,2024-08-09
Iren,1.908,257,,2024-08-09
Italgas,948,3.287,,2024-08-09
Iveco Group,1.583,804,,2024-08-09
Juventus Fc,55,99,,2024-08-09
Leonardo,5.583,5.502,,2024-08-09
Lottomatica Group,89,15,,2024-08-09
Maire,247,42,,2024-08-09
Mediobanca,11.133,42.204,,2024-08-09
Mfe B,540,540,,2024-08-09
Moncler,2.223,4.408,,2024-08-09
Mondadori Edit,1.066,53,,2024-08-09
Nexi,14.066,25.740,,2024-08-09
Ovs,492,368,,2024-08-09
Piaggio,153,413,,2024-08-09
Pirelli & C,4.553,19.197,,2024-08-09
Poste Italiane,10.751,12.986,,2024-08-09
Prysmian,5.079,3.843,,2024-08-09
Rai Way,,,,2024-08-09
Recordati Ord,482,310,,2024-08-09
Reply,3,17,,2024-08-09
Safilo Group,40,6,,2024-08-09
Saipem,13.603,9.926,,2024-08-09
Salvatore Ferragamo,351,808,,2024-08-09
Sanlorenzo,,,,2024-08-09
Saras,454,870,,2024-08-09
Sesa,4.614,286,,2024-08-09
Snam,12.897,20.905,,2024-08-09
Stellantis,122.780,327.585,,2024-08-09
Stmicroelectronics,6.595,8.274,,2024-08-09
Tamburi,75,37,,2024-08-09
Technogym,152,67,,2024-08-09
Technoprobe,160,10,,2024-08-09
Telecom Italia,167.102,140.916,,2024-08-09
Telecom Italia R,13.285,12.825,,2024-08-09
Tenaris,7.013,10.963,,2024-08-09
Terna,1.615,7.447,,2024-08-09
Unicredit,45.767,122.313,,2024-08-09
Unipol,2.458,6.365,,2024-08-09
Webuild,905,1.883,,2024-08-09
Totale,1.685.884,3.670.094,,2024-08-09
Ftsemib,80.151,162.544,,2024-08-12
A2a,2.825,2.289,,2024-08-12
Acea,532,465,,2024-08-12
Amplifon,524,581,,2024-08-12
Anima Holding,291,369,,2024-08-12
Ariston Holding,48,17,,2024-08-12
Azimut,2.608,1.741,,2024-08-12
Banca Generali,2.966,1.201,,2024-08-12
Banca Ifis,4.894,536,,2024-08-12
Banca Mediolanum,1.091,1.472,,2024-08-12
Banca Monte Paschi Siena,10.865,27.323,,2024-08-12
Banco Bpm,43.899,171.726,,2024-08-12
Bca Pop Sondrio,538,411,,2024-08-12
Bff Bank,139,102,,2024-08-12
Bper Banca,11.206,15.228,,2024-08-12
Brembo,587,1.149,,2024-08-12
Brunello Cucinelli,123,470,,2024-08-12
Buzzi,972,964,,2024-08-12
Campari,9.274,6.978,,2024-08-12
Carel Industries,,,,2024-08-12
Danieli & C,463,85,,2024-08-12
De'Longhi,25,37,,2024-08-12
Diasorin,737,447,,2024-08-12
Enav,579,13,,2024-08-12
Enel,270.008,505.590,,2024-08-12
Eni,110.371,292.796,,2024-08-12
Erg,428,671,,2024-08-12
Ferrari,6.781,10.033,,2024-08-12
Fincantieri,342,1.024,,2024-08-12
Finecobank,1.945,12.005,,2024-08-12
Generali,413.441,771.988,,2024-08-12
Geox,93,52,,2024-08-12
Gvs,8,1,,2024-08-12
Hera,564,87,,2024-08-12
Industrie De Nora,813,453,,2024-08-12
Interpump Group,2.590,739,,2024-08-12
Intesa Sanpaolo,240.196,878.232,,2024-08-12
Inwit,4.035,1.136,,2024-08-12
Iren,1.908,257,,2024-08-12
Italgas,948,3.287,,2024-08-12
Iveco Group,1.678,804,,2024-08-12
Juventus Fc,55,99,,2024-08-12
Leonardo,5.611,5.521,,2024-08-12
Lottomatica Group,89,15,,2024-08-12
Maire,247,42,,2024-08-12
Mediobanca,15.305,42.527,,2024-08-12
Mfe B,540,540,,2024-08-12
Moncler,2.228,4.408,,2024-08-12
Mondadori Edit,1.067,53,,2024-08-12
Nexi,14.324,25.740,,2024-08-12
Ovs,492,368,,2024-08-12
Piaggio,153,413,,2024-08-12
Pirelli & C,4.557,19.197,,2024-08-12
Poste Italiane,10.752,12.965,,2024-08-12
Prysmian,5.079,3.871,,2024-08-12
Rai Way,,,,2024-08-12
Recordati Ord,482,310,,2024-08-12
Reply,3,17,,2024-08-12
Safilo Group,40,6,,2024-08-12
Saipem,13.667,10.028,,2024-08-12
Salvatore Ferragamo,353,808,,2024-08-12
Sanlorenzo,,,,2024-08-12
Saras,453,870,,2024-08-12
Sesa,4.614,286,,2024-08-12
Snam,12.897,21.055,,2024-08-12
Stellantis,123.636,333.095,,2024-08-12
Stmicroelectronics,6.605,9.298,,2024-08-12
Tamburi,75,37,,2024-08-12
Technogym,152,67,,2024-08-12
Technoprobe,160,10,,2024-08-12
Telecom Italia,167.243,140.982,,2024-08-12
Telecom Italia R,13.295,12.825,,2024-08-12
Tenaris,7.095,10.959,,2024-08-12
Terna,1.618,7.445,,2024-08-12
Unicredit,45.861,122.421,,2024-08-12
Unipol,2.459,6.365,,2024-08-12
Webuild,905,1.878,,2024-08-12
Totale,1.693.598,3.669.824,,2024-08-12
Ftsemib,80.377,163.072,,2024-08-13
A2a,2.831,2.280,,2024-08-13
Acea,532,465,,2024-08-13
Amplifon,533,581,,2024-08-13
Anima Holding,291,364,,2024-08-13
Ariston Holding,48,17,,2024-08-13
Azimut,2.619,1.737,,2024-08-13
Banca Generali,2.966,1.201,,2024-08-13
Banca Ifis,4.894,536,,2024-08-13
Banca Mediolanum,1.683,1.472,,2024-08-13
Banca Monte Paschi Siena,10.858,27.981,,2024-08-13
Banco Bpm,43.942,171.714,,2024-08-13
Bca Pop Sondrio,548,411,,2024-08-13
Bff Bank,140,102,,2024-08-13
Bper Banca,11.212,15.229,,2024-08-13
Brembo,587,1.146,,2024-08-13
Brunello Cucinelli,123,469,,2024-08-13
Buzzi,1.002,965,,2024-08-13
Campari,9.277,6.978,,2024-08-13
Carel Industries,,,,2024-08-13
Danieli & C,464,85,,2024-08-13
De'Longhi,26,37,,2024-08-13
Diasorin,738,447,,2024-08-13
Enav,579,13,,2024-08-13
Enel,270.048,514.592,,2024-08-13
Eni,110.286,294.730,,2024-08-13
Erg,430,673,,2024-08-13
Ferrari,6.794,10.048,,2024-08-13
Fincantieri,342,1.024,,2024-08-13
Finecobank,1.945,11.997,,2024-08-13
Generali,413.802,781.022,,2024-08-13
Geox,93,52,,2024-08-13
Gvs,8,1,,2024-08-13
Hera,564,86,,2024-08-13
Industrie De Nora,813,453,,2024-08-13
Interpump Group,2.641,823,,2024-08-13
Intesa Sanpaolo,243.230,878.269,,2024-08-13
Inwit,4.035,1.136,,2024-08-13
Iren,1.908,257,,2024-08-13
Italgas,948,3.288,,2024-08-13
Iveco Group,1.715,804,,2024-08-13
Juventus Fc,55,99,,2024-08-13
Leonardo,5.640,5.523,,2024-08-13
Lottomatica Group,89,15,,2024-08-13
Maire,247,42,,2024-08-13
Mediobanca,15.303,42.528,,2024-08-13
Mfe B,540,540,,2024-08-13
Moncler,2.489,4.371,,2024-08-13
Mondadori Edit,1.067,53,,2024-08-13
Nexi,14.333,25.740,,2024-08-13
Ovs,492,368,,2024-08-13
Piaggio,153,388,,2024-08-13
Pirelli & C,4.568,19.198,,2024-08-13
Poste Italiane,10.773,12.967,,2024-08-13
Prysmian,5.079,3.893,,2024-08-13
Rai Way,,,,2024-08-13
Recordati Ord,482,310,,2024-08-13
Reply,3,17,,2024-08-13
Safilo Group,40,6,,2024-08-13
Saipem,13.791,10.058,,2024-08-13
Salvatore Ferragamo,353,811,,2024-08-13
Sanlorenzo,,,,2024-08-13
Saras,453,860,,2024-08-13
Sesa,4.614,286,,2024-08-13
Snam,12.897,21.055,,2024-08-13
Stellantis,126.063,333.762,,2024-08-13
Stmicroelectronics,6.622,9.301,,2024-08-13
Tamburi,76,37,,2024-08-13
Technogym,152,67,,2024-08-13
Technoprobe,162,10,,2024-08-13
Telecom Italia,167.261,140.994,,2024-08-13
Telecom Italia R,13.295,12.831,,2024-08-13
Tenaris,7.125,11.084,,2024-08-13
Terna,1.618,7.447,,2024-08-13
Unicredit,45.902,124.694,,2024-08-13
Unipol,2.478,6.384,,2024-08-13
Webuild,906,1.878,,2024-08-13
Totale,1.700.993,3.694.174,,2024-08-13
Ftsemib,81.294,163.873,,2024-08-14
A2a,2.827,2.291,,2024-08-14
Acea,532,465,,2024-08-14
Amplifon,533,580,,2024-08-14
Anima Holding,291,364,,2024-08-14
Ariston Holding,48,19,,2024-08-14
Azimut,2.600,1.747,,2024-08-14
Banca Generali,2.966,1.211,,2024-08-14
Banca Ifis,4.890,538,,2024-08-14
Banca Mediolanum,1.684,1.473,,2024-08-14
Banca Monte Paschi Siena,10.750,27.578,,2024-08-14
Banco Bpm,43.954,171.717,,2024-08-14
Bca Pop Sondrio,549,411,,2024-08-14
Bff Bank,140,102,,2024-08-14
Bper Banca,11.118,15.236,,2024-08-14
Brembo,587,1.146,,2024-08-14
Brunello Cucinelli,123,469,,2024-08-14
Buzzi,1.002,955,,2024-08-14
Campari,9.278,6.994,,2024-08-14
Carel Industries,,,,2024-08-14
Danieli & C,464,85,,2024-08-14
De'Longhi,26,37,,2024-08-14
Diasorin,739,448,,2024-08-14
Enav,579,13,,2024-08-14
Enel,270.076,516.966,,2024-08-14
Eni,110.293,294.734,,2024-08-14
Erg,430,773,,2024-08-14
Ferrari,6.831,10.085,,2024-08-14
Fincantieri,345,1.024,,2024-08-14
Finecobank,1.943,11.999,,2024-08-14
Generali,413.837,781.054,,2024-08-14
Geox,93,52,,2024-08-14
Gvs,8,1,,2024-08-14
Hera,564,86,,2024-08-14
Industrie De Nora,813,453,,2024-08-14
Interpump Group,2.643,823,,2024-08-14
Intesa Sanpaolo,243.368,886.550,,2024-08-14
Inwit,4.035,1.236,,2024-08-14
Iren,1.918,257,,2024-08-14
Italgas,948,3.288,,2024-08-14
Iveco Group,1.718,804,,2024-08-14
Juventus Fc,55,199,,2024-08-14
Leonardo,5.640,5.522,,2024-08-14
Lottomatica Group,89,25,,2024-08-14
Maire,247,42,,2024-08-14
Mediobanca,15.306,42.538,,2024-08-14
Mfe B,540,550,,2024-08-14
Moncler,2.492,4.370,,2024-08-14
Mondadori Edit,1.823,53,,2024-08-14
Nexi,14.499,25.628,,2024-08-14
Ovs,492,368,,2024-08-14
Piaggio,156,388,,2024-08-14
Pirelli & C,4.575,19.208,,2024-08-14
Poste Italiane,10.771,12.922,,2024-08-14
Prysmian,5.268,3.893,,2024-08-14
Rai Way,,,,2024-08-14
Recordati Ord,482,310,,2024-08-14
Reply,3,17,,2024-08-14
Safilo Group,40,6,,2024-08-14
Saipem,13.819,10.055,,2024-08-14
Salvatore Ferragamo,353,836,,2024-08-14
Sanlorenzo,,,,2024-08-14
Saras,453,860,,2024-08-14
Sesa,4.614,286,,2024-08-14
Snam,12.898,21.055,,2024-08-14
Stellantis,127.604,329.043,,2024-08-14
Stmicroelectronics,6.629,9.316,,2024-08-14
Tamburi,76,37,,2024-08-14
Technogym,152,63,,2024-08-14
Technoprobe,162,60,,2024-08-14
Telecom Italia,167.282,160.996,,2024-08-14
Telecom Italia R,13.305,12.831,,2024-08-14
Tenaris,7.136,10.825,,2024-08-14
Terna,1.618,7.447,,2024-08-14
Unicredit,46.317,125.068,,2024-08-14
Unipol,2.479,6.379,,2024-08-14
Webuild,950,1.958,,2024-08-14
Totale,1.705.162,3.721.091,,2024-08-14
Ftsemib,81.294,163.873,,2024-08-16
A2a,2.827,2.291,,2024-08-16
Acea,532,465,,2024-08-16
Amplifon,533,580,,2024-08-16
Anima Holding,291,364,,2024-08-16
Ariston Holding,48,19,,2024-08-16
Azimut,2.600,1.747,,2024-08-16
Banca Generali,2.966,1.211,,2024-08-16
Banca Ifis,4.890,538,,2024-08-16
Banca Mediolanum,1.684,1.473,,2024-08-16
Banca Monte Paschi Siena,10.750,27.578,,2024-08-16
Banco Bpm,43.954,171.717,,2024-08-16
Bca Pop Sondrio,549,411,,2024-08-16
Bff Bank,140,102,,2024-08-16
Bper Banca,11.118,15.236,,2024-08-16
Brembo,587,1.146,,2024-08-16
Brunello Cucinelli,123,469,,2024-08-16
Buzzi,1.002,955,,2024-08-16
Campari,9.278,6.994,,2024-08-16
Carel Industries,,,,2024-08-16
Danieli & C,464,85,,2024-08-16
De'Longhi,26,37,,2024-08-16
Diasorin,739,448,,2024-08-16
Enav,579,13,,2024-08-16
Enel,270.076,516.966,,2024-08-16
Eni,110.293,294.734,,2024-08-16
Erg,430,773,,2024-08-16
Ferrari,6.831,10.085,,2024-08-16
Fincantieri,345,1.024,,2024-08-16
Finecobank,1.943,11.999,,2024-08-16
Generali,413.837,781.054,,2024-08-16
Geox,93,52,,2024-08-16
Gvs,8,1,,2024-08-16
Hera,564,86,,2024-08-16
Industrie De Nora,813,453,,2024-08-16
Interpump Group,2.643,823,,2024-08-16
Intesa Sanpaolo,243.368,886.550,,2024-08-16
Inwit,4.035,1.236,,2024-08-16
Iren,1.918,257,,2024-08-16
Italgas,948,3.288,,2024-08-16
Iveco Group,1.718,804,,2024-08-16
Juventus Fc,55,199,,2024-08-16
Leonardo,5.640,5.522,,2024-08-16
Lottomatica Group,89,25,,2024-08-16
Maire,247,42,,2024-08-16
Mediobanca,15.306,42.538,,2024-08-16
Mfe B,540,550,,2024-08-16
Moncler,2.492,4.370,,2024-08-16
Mondadori Edit,1.823,53,,2024-08-16
Nexi,14.499,25.628,,2024-08-16
Ovs,492,368,,2024-08-16
Piaggio,156,388,,2024-08-16
Pirelli & C,4.575,19.208,,2024-08-16
Poste Italiane,10.771,12.922,,2024-08-16
Prysmian,5.268,3.893,,2024-08-16
Rai Way,,,,2024-08-16
Recordati Ord,482,310,,2024-08-16
Reply,3,17,,2024-08-16
Safilo Group,40,6,,2024-08-16
Saipem,13.819,10.055,,2024-08-16
Salvatore Ferragamo,353,836,,2024-08-16
Sanlorenzo,,,,2024-08-16
Saras,453,860,,2024-08-16
Sesa,4.614,286,,2024-08-16
Snam,12.898,21.055,,2024-08-16
Stellantis,127.604,329.043,,2024-08-16
Stmicroelectronics,6.629,9.316,,2024-08-16
Tamburi,76,37,,2024-08-16
Technogym,152,63,,2024-08-16
Technoprobe,162,60,,2024-08-16
Telecom Italia,167.282,160.996,,2024-08-16
Telecom Italia R,13.305,12.831,,2024-08-16
Tenaris,7.136,10.825,,2024-08-16
Terna,1.618,7.447,,2024-08-16
Unicredit,46.317,125.068,,2024-08-16
Unipol,2.479,6.379,,2024-08-16
Webuild,950,1.958,,2024-08-16
Totale,1.705.162,3.721.091,,2024-08-16
Ftsemib,77.947,159.695,,2024-08-19
A2a,2.763,2.202,,2024-08-19
Acea,515,442,,2024-08-19
Amplifon,539,556,,2024-08-19
Anima Holding,248,387,,2024-08-19
Ariston Holding,50,17,,2024-08-19
Azimut,2.510,1.665,,2024-08-19
Banca Generali,2.952,1.159,,2024-08-19
Banca Ifis,4.900,536,,2024-08-19
Banca Mediolanum,2.307,1.489,,2024-08-19
Banca Monte Paschi Siena,9.407,26.689,,2024-08-19
Banco Bpm,42.799,169.969,,2024-08-19
Bca Pop Sondrio,543,336,,2024-08-19
Bff Bank,68,24,,2024-08-19
Bper Banca,10.772,15.187,,2024-08-19
Brembo,570,1.085,,2024-08-19
Brunello Cucinelli,114,457,,2024-08-19
Buzzi,992,866,,2024-08-19
Campari,8.885,6.838,,2024-08-19
Carel Industries,,,,2024-08-19
Danieli & C,438,87,,2024-08-19
De'Longhi,24,16,,2024-08-19
Diasorin,711,396,,2024-08-19
Enav,581,14,,2024-08-19
Enel,255.728,501.416,,2024-08-19
Eni,108.234,294.742,,2024-08-19
Erg,409,619,,2024-08-19
Ferrari,6.515,10.265,,2024-08-19
Fincantieri,343,1.012,,2024-08-19
Finecobank,1.788,11.717,,2024-08-19
Generali,409.637,778.919,,2024-08-19
Geox,93,52,,2024-08-19
Gvs,8,1,,2024-08-19
Hera,543,71,,2024-08-19
Industrie De Nora,412,399,,2024-08-19
Interpump Group,2.591,676,,2024-08-19
Intesa Sanpaolo,238.702,885.877,,2024-08-19
Inwit,2.142,1.238,,2024-08-19
Iren,1.908,205,,2024-08-19
Italgas,943,3.268,,2024-08-19
Iveco Group,1.746,703,,2024-08-19
Juventus Fc,55,199,,2024-08-19
Leonardo,5.564,4.528,,2024-08-19
Lottomatica Group,89,25,,2024-08-19
Maire,244,38,,2024-08-19
Mediobanca,15.020,40.709,,2024-08-19
Mfe B,503,525,,2024-08-19
Moncler,2.374,3.831,,2024-08-19
Mondadori Edit,1.822,53,,2024-08-19
Nexi,14.340,25.329,,2024-08-19
Ovs,490,338,,2024-08-19
Piaggio,171,351,,2024-08-19
Pirelli & C,4.389,19.039,,2024-08-19
Poste Italiane,10.692,12.082,,2024-08-19
Prysmian,3.972,4.180,,2024-08-19
Rai Way,,,,2024-08-19
Recordati Ord,455,276,,2024-08-19
Reply,3,9,,2024-08-19
Safilo Group,40,6,,2024-08-19
Saipem,10.596,9.820,,2024-08-19
Salvatore Ferragamo,297,570,,2024-08-19
Sanlorenzo,,,,2024-08-19
Saras,359,504,,2024-08-19
Sesa,4.602,276,,2024-08-19
Snam,12.745,21.031,,2024-08-19
Stellantis,125.579,324.507,,2024-08-19
Stmicroelectronics,6.138,8.478,,2024-08-19
Tamburi,73,20,,2024-08-19
Technogym,152,55,,2024-08-19
Technoprobe,162,60,,2024-08-19
Telecom Italia,164.188,160.359,,2024-08-19
Telecom Italia R,13.093,12.821,,2024-08-19
Tenaris,6.189,10.509,,2024-08-19
Terna,1.257,7.309,,2024-08-19
Unicredit,43.981,124.365,,2024-08-19
Unipol,2.384,6.109,,2024-08-19
Webuild,776,1.907,,2024-08-19
Totale,1.655.171,3.681.510,,2024-08-19
Ftsemib,78.142,162.315,,2024-08-20
A2a,2.764,2.209,,2024-08-20
Acea,519,444,,2024-08-20
Amplifon,549,558,,2024-08-20
Anima Holding,248,387,,2024-08-20
Ariston Holding,50,17,,2024-08-20
Azimut,2.516,1.668,,2024-08-20
Banca Generali,2.959,1.159,,2024-08-20
Banca Ifis,4.900,536,,2024-08-20
Banca Mediolanum,2.307,1.489,,2024-08-20
Banca Monte Paschi Siena,10.307,26.827,,2024-08-20
Banco Bpm,42.853,170.105,,2024-08-20
Bca Pop Sondrio,706,336,,2024-08-20
Bff Bank,68,24,,2024-08-20
Bper Banca,10.810,15.271,,2024-08-20
Brembo,575,1.085,,2024-08-20
Brunello Cucinelli,118,457,,2024-08-20
Buzzi,1.017,866,,2024-08-20
Campari,8.937,6.838,,2024-08-20
Carel Industries,,,,2024-08-20
Danieli & C,450,88,,2024-08-20
De'Longhi,24,20,,2024-08-20
Diasorin,712,400,,2024-08-20
Enav,581,14,,2024-08-20
Enel,257.276,502.961,,2024-08-20
Eni,108.878,295.413,,2024-08-20
Erg,413,614,,2024-08-20
Ferrari,6.580,10.293,,2024-08-20
Fincantieri,344,1.015,,2024-08-20
Finecobank,1.819,12.023,,2024-08-20
Generali,411.162,779.219,,2024-08-20
Geox,93,52,,2024-08-20
Gvs,8,1,,2024-08-20
Hera,547,68,,2024-08-20
Industrie De Nora,512,409,,2024-08-20
Interpump Group,2.591,686,,2024-08-20
Intesa Sanpaolo,238.813,888.726,,2024-08-20
Inwit,2.496,1.238,,2024-08-20
Iren,1.910,203,,2024-08-20
Italgas,944,3.268,,2024-08-20
Iveco Group,1.836,709,,2024-08-20
Juventus Fc,55,199,,2024-08-20
Leonardo,5.577,4.532,,2024-08-20
Lottomatica Group,89,25,,2024-08-20
Maire,244,39,,2024-08-20
Mediobanca,15.034,40.712,,2024-08-20
Mfe B,504,525,,2024-08-20
Moncler,2.408,3.830,,2024-08-20
Mondadori Edit,1.822,53,,2024-08-20
Nexi,14.347,25.367,,2024-08-20
Ovs,500,338,,2024-08-20
Piaggio,172,390,,2024-08-20
Pirelli & C,4.389,19.039,,2024-08-20
Poste Italiane,10.695,12.066,,2024-08-20
Prysmian,4.023,4.199,,2024-08-20
Rai Way,,,,2024-08-20
Recordati Ord,455,277,,2024-08-20
Reply,3,9,,2024-08-20
Safilo Group,40,6,,2024-08-20
Saipem,10.627,10.582,,2024-08-20
Salvatore Ferragamo,297,568,,2024-08-20
Sanlorenzo,,,,2024-08-20
Saras,439,494,,2024-08-20
Sesa,4.602,276,,2024-08-20
Snam,12.751,21.035,,2024-08-20
Stellantis,126.328,328.503,,2024-08-20
Stmicroelectronics,6.174,8.501,,2024-08-20
Tamburi,73,20,,2024-08-20
Technogym,177,76,,2024-08-20
Technoprobe,162,60,,2024-08-20
Telecom Italia,165.638,160.553,,2024-08-20
Telecom Italia R,13.327,12.696,,2024-08-20
Tenaris,6.341,10.525,,2024-08-20
Terna,1.260,7.310,,2024-08-20
Unicredit,44.641,124.386,,2024-08-20
Unipol,2.385,6.125,,2024-08-20
Webuild,778,1.907,,2024-08-20
Totale,1.664.691,3.695.234,,2024-08-20
Ftsemib,78.497,164.432,,2024-08-21
A2a,2.769,2.209,,2024-08-21
Acea,522,445,,2024-08-21
Amplifon,549,570,,2024-08-21
Anima Holding,248,387,,2024-08-21
Ariston Holding,50,17,,2024-08-21
Azimut,2.519,1.671,,2024-08-21
Banca Generali,2.959,1.159,,2024-08-21
Banca Ifis,4.900,536,,2024-08-21
Banca Mediolanum,2.317,1.489,,2024-08-21
Banca Monte Paschi Siena,10.313,26.840,,2024-08-21
Banco Bpm,42.944,170.177,,2024-08-21
Bca Pop Sondrio,708,366,,2024-08-21
Bff Bank,68,24,,2024-08-21
Bper Banca,10.816,15.311,,2024-08-21
Brembo,578,1.086,,2024-08-21
Brunello Cucinelli,118,457,,2024-08-21
Buzzi,1.017,866,,2024-08-21
Campari,8.941,6.865,,2024-08-21
Carel Industries,,,,2024-08-21
Danieli & C,450,88,,2024-08-21
De'Longhi,24,20,,2024-08-21
Diasorin,714,397,,2024-08-21
Enav,581,14,,2024-08-21
Enel,257.784,507.965,,2024-08-21
Eni,109.387,295.427,,2024-08-21
Erg,420,614,,2024-08-21
Ferrari,6.585,10.304,,2024-08-21
Fincantieri,344,1.015,,2024-08-21
Finecobank,1.842,12.039,,2024-08-21
Generali,411.213,779.256,,2024-08-21
Geox,93,52,,2024-08-21
Gvs,8,1,,2024-08-21
Hera,547,63,,2024-08-21
Industrie De Nora,512,409,,2024-08-21
Interpump Group,2.591,687,,2024-08-21
Intesa Sanpaolo,238.834,889.295,,2024-08-21
Inwit,2.496,1.238,,2024-08-21
Iren,1.910,203,,2024-08-21
Italgas,944,3.294,,2024-08-21
Iveco Group,1.898,704,,2024-08-21
Juventus Fc,55,199,,2024-08-21
Leonardo,5.640,4.550,,2024-08-21
Lottomatica Group,89,25,,2024-08-21
Maire,244,39,,2024-08-21
Mediobanca,15.161,40.728,,2024-08-21
Mfe B,504,525,,2024-08-21
Moncler,2.560,3.828,,2024-08-21
Mondadori Edit,1.822,53,,2024-08-21
Nexi,14.558,25.507,,2024-08-21
Ovs,500,338,,2024-08-21
Piaggio,182,348,,2024-08-21
Pirelli & C,4.395,19.040,,2024-08-21
Poste Italiane,10.896,12.076,,2024-08-21
Prysmian,4.029,4.228,,2024-08-21
Rai Way,,,,2024-08-21
Recordati Ord,471,267,,2024-08-21
Reply,3,9,,2024-08-21
Safilo Group,40,6,,2024-08-21
Saipem,10.662,10.628,,2024-08-21
Salvatore Ferragamo,297,568,,2024-08-21
Sanlorenzo,,,,2024-08-21
Saras,493,494,,2024-08-21
Sesa,4.602,276,,2024-08-21
Snam,13.253,21.583,,2024-08-21
Stellantis,126.851,334.892,,2024-08-21
Stmicroelectronics,6.218,8.200,,2024-08-21
Tamburi,73,21,,2024-08-21
Technogym,177,76,,2024-08-21
Technoprobe,162,60,,2024-08-21
Telecom Italia,165.807,160.553,,2024-08-21
Telecom Italia R,13.411,12.744,,2024-08-21
Tenaris,6.481,10.551,,2024-08-21
Terna,1.260,7.310,,2024-08-21
Unicredit,44.782,124.686,,2024-08-21
Unipol,2.385,6.145,,2024-08-21
Webuild,779,1.907,,2024-08-21
Totale,1.668.852,3.710.452,,2024-08-21
Ftsemib,78.906,165.170,,2024-08-22
A2a,2.842,2.217,,2024-08-22
Acea,522,445,,2024-08-22
Amplifon,549,570,,2024-08-22
Anima Holding,248,387,,2024-08-22
Ariston Holding,50,17,,2024-08-22
Azimut,2.519,1.672,,2024-08-22
Banca Generali,2.959,1.159,,2024-08-22
Banca Ifis,4.902,533,,2024-08-22
Banca Mediolanum,2.317,1.489,,2024-08-22
Banca Monte Paschi Siena,10.319,26.879,,2024-08-22
Banco Bpm,47.386,173.375,,2024-08-22
Bca Pop Sondrio,755,376,,2024-08-22
Bff Bank,68,24,,2024-08-22
Bper Banca,10.813,15.328,,2024-08-22
Brembo,581,1.097,,2024-08-22
Brunello Cucinelli,118,467,,2024-08-22
Buzzi,1.017,866,,2024-08-22
Campari,8.946,6.849,,2024-08-22
Carel Industries,,,,2024-08-22
Danieli & C,450,88,,2024-08-22
De'Longhi,25,19,,2024-08-22
Diasorin,714,395,,2024-08-22
Enav,581,14,,2024-08-22
Enel,258.164,508.460,,2024-08-22
Eni,109.400,295.437,,2024-08-22
Erg,421,614,,2024-08-22
Ferrari,6.590,10.347,,2024-08-22
Fincantieri,344,1.015,,2024-08-22
Finecobank,1.945,12.030,,2024-08-22
Generali,412.991,779.301,,2024-08-22
Geox,93,52,,2024-08-22
Gvs,8,1,,2024-08-22
Hera,547,63,,2024-08-22
Industrie De Nora,512,409,,2024-08-22
Interpump Group,2.593,687,,2024-08-22
Intesa Sanpaolo,241.006,889.736,,2024-08-22
Inwit,2.496,1.238,,2024-08-22
Iren,1.910,196,,2024-08-22
Italgas,945,3.294,,2024-08-22
Iveco Group,2.128,819,,2024-08-22
Juventus Fc,55,199,,2024-08-22
Leonardo,5.641,4.547,,2024-08-22
Lottomatica Group,89,25,,2024-08-22
Maire,242,39,,2024-08-22
Mediobanca,16.625,40.882,,2024-08-22
Mfe B,506,525,,2024-08-22
Moncler,2.561,3.829,,2024-08-22
Mondadori Edit,1.822,53,,2024-08-22
Nexi,14.565,25.509,,2024-08-22
Ovs,500,338,,2024-08-22
Piaggio,182,347,,2024-08-22
Pirelli & C,4.397,19.048,,2024-08-22
Poste Italiane,10.896,12.262,,2024-08-22
Prysmian,4.030,4.229,,2024-08-22
Rai Way,,,,2024-08-22
Recordati Ord,471,267,,2024-08-22
Reply,5,9,,2024-08-22
Safilo Group,40,6,,2024-08-22
Saipem,15.701,10.668,,2024-08-22
Salvatore Ferragamo,300,568,,2024-08-22
Sanlorenzo,,,,2024-08-22
Saras,493,555,,2024-08-22
Sesa,4.602,276,,2024-08-22
Snam,13.256,21.607,,2024-08-22
Stellantis,128.572,338.442,,2024-08-22
Stmicroelectronics,6.250,8.234,,2024-08-22
Tamburi,73,21,,2024-08-22
Technogym,177,76,,2024-08-22
Technoprobe,162,60,,2024-08-22
Telecom Italia,165.930,160.583,,2024-08-22
Telecom Italia R,13.421,12.749,,2024-08-22
Tenaris,7.297,11.185,,2024-08-22
Terna,1.260,7.317,,2024-08-22
Unicredit,44.820,125.257,,2024-08-22
Unipol,2.385,6.146,,2024-08-22
Webuild,786,1.910,,2024-08-22
Totale,1.687.792,3.720.903,,2024-08-22
Ftsemib,79.819,166.041,,2024-08-23
A2a,2.844,2.222,,2024-08-23
Acea,522,445,,2024-08-23
Amplifon,551,573,,2024-08-23
Anima Holding,253,397,,2024-08-23
Ariston Holding,50,17,,2024-08-23
Azimut,2.521,1.688,,2024-08-23
Banca Generali,2.961,1.169,,2024-08-23
Banca Ifis,4.902,533,,2024-08-23
Banca Mediolanum,2.319,1.489,,2024-08-23
Banca Monte Paschi Siena,10.568,26.877,,2024-08-23
Banco Bpm,47.390,173.897,,2024-08-23
Bca Pop Sondrio,741,386,,2024-08-23
Bff Bank,68,24,,2024-08-23
Bper Banca,10.902,15.335,,2024-08-23
Brembo,581,1.097,,2024-08-23
Brunello Cucinelli,119,467,,2024-08-23
Buzzi,1.017,865,,2024-08-23
Campari,8.948,6.849,,2024-08-23
Carel Industries,,,,2024-08-23
Danieli & C,450,97,,2024-08-23
De'Longhi,25,19,,2024-08-23
Diasorin,714,393,,2024-08-23
Enav,583,15,,2024-08-23
Enel,254.038,511.482,,2024-08-23
Eni,110.857,295.568,,2024-08-23
Erg,421,613,,2024-08-23
Ferrari,6.613,10.425,,2024-08-23
Fincantieri,344,1.015,,2024-08-23
Finecobank,1.950,12.035,,2024-08-23
Generali,413.261,779.559,,2024-08-23
Geox,93,52,,2024-08-23
Gvs,8,1,,2024-08-23
Hera,547,63,,2024-08-23
Industrie De Nora,512,412,,2024-08-23
Interpump Group,2.601,691,,2024-08-23
Intesa Sanpaolo,241.056,913.527,,2024-08-23
Inwit,2.497,1.238,,2024-08-23
Iren,1.910,176,,2024-08-23
Italgas,952,3.294,,2024-08-23
Iveco Group,2.137,838,,2024-08-23
Juventus Fc,55,199,,2024-08-23
Leonardo,5.682,4.551,,2024-08-23
Lottomatica Group,89,25,,2024-08-23
Maire,244,39,,2024-08-23
Mediobanca,16.482,40.605,,2024-08-23
Mfe B,506,525,,2024-08-23
Moncler,3.263,4.179,,2024-08-23
Mondadori Edit,1.822,53,,2024-08-23
Nexi,14.571,25.512,,2024-08-23
Ovs,500,338,,2024-08-23
Piaggio,182,353,,2024-08-23
Pirelli & C,4.406,19.055,,2024-08-23
Poste Italiane,10.895,12.267,,2024-08-23
Prysmian,4.036,4.239,,2024-08-23
Rai Way,,,,2024-08-23
Recordati Ord,472,267,,2024-08-23
Reply,7,9,,2024-08-23
Safilo Group,40,6,,2024-08-23
Saipem,15.703,10.649,,2024-08-23
Salvatore Ferragamo,304,569,,2024-08-23
Sanlorenzo,,,,2024-08-23
Saras,564,596,,2024-08-23
Sesa,4.602,276,,2024-08-23
Snam,13.254,21.618,,2024-08-23
Stellantis,128.646,344.795,,2024-08-23
Stmicroelectronics,6.257,8.216,,2024-08-23
Tamburi,73,21,,2024-08-23
Technogym,177,76,,2024-08-23
Technoprobe,162,60,,2024-08-23
Telecom Italia,165.974,160.583,,2024-08-23
Telecom Italia R,13.421,12.750,,2024-08-23
Tenaris,7.667,12.182,,2024-08-23
Terna,1.260,7.326,,2024-08-23
Unicredit,45.020,125.519,,2024-08-23
Unipol,2.385,6.151,,2024-08-23
Webuild,805,1.958,,2024-08-23
Totale,1.688.171,3.757.451,,2024-08-23
Ftsemib,80.150,166.593,,2024-08-26
A2a,2.847,2.222,,2024-08-26
Acea,524,446,,2024-08-26
Amplifon,555,573,,2024-08-26
Anima Holding,253,397,,2024-08-26
Ariston Holding,50,17,,2024-08-26
Azimut,2.521,1.687,,2024-08-26
Banca Generali,2.961,1.169,,2024-08-26
Banca Ifis,4.902,533,,2024-08-26
Banca Mediolanum,2.319,1.491,,2024-08-26
Banca Monte Paschi Siena,10.588,26.883,,2024-08-26
Banco Bpm,47.386,173.911,,2024-08-26
Bca Pop Sondrio,744,386,,2024-08-26
Bff Bank,69,25,,2024-08-26
Bper Banca,10.878,15.354,,2024-08-26
Brembo,582,1.097,,2024-08-26
Brunello Cucinelli,120,468,,2024-08-26
Buzzi,1.019,865,,2024-08-26
Campari,9.064,6.852,,2024-08-26
Carel Industries,,,,2024-08-26
Danieli & C,451,96,,2024-08-26
De'Longhi,25,21,,2024-08-26
Diasorin,714,399,,2024-08-26
Enav,583,15,,2024-08-26
Enel,255.268,512.464,,2024-08-26
Eni,111.472,296.052,,2024-08-26
Erg,423,612,,2024-08-26
Ferrari,6.828,10.462,,2024-08-26
Fincantieri,344,1.020,,2024-08-26
Finecobank,1.953,12.035,,2024-08-26
Generali,413.818,780.549,,2024-08-26
Geox,93,52,,2024-08-26
Gvs,8,1,,2024-08-26
Hera,550,63,,2024-08-26
Industrie De Nora,512,412,,2024-08-26
Interpump Group,2.601,691,,2024-08-26
Intesa Sanpaolo,241.983,915.363,,2024-08-26
Inwit,2.497,1.238,,2024-08-26
Iren,1.911,156,,2024-08-26
Italgas,952,3.294,,2024-08-26
Iveco Group,2.170,836,,2024-08-26
Juventus Fc,55,199,,2024-08-26
Leonardo,6.087,4.552,,2024-08-26
Lottomatica Group,89,25,,2024-08-26
Maire,245,40,,2024-08-26
Mediobanca,17.086,40.609,,2024-08-26
Mfe B,507,525,,2024-08-26
Moncler,3.265,4.182,,2024-08-26
Mondadori Edit,1.822,53,,2024-08-26
Nexi,14.750,25.511,,2024-08-26
Ovs,510,338,,2024-08-26
Piaggio,184,352,,2024-08-26
Pirelli & C,4.410,19.804,,2024-08-26
Poste Italiane,10.897,12.267,,2024-08-26
Prysmian,4.037,4.235,,2024-08-26
Rai Way,,,,2024-08-26
Recordati Ord,672,272,,2024-08-26
Reply,7,9,,2024-08-26
Safilo Group,40,6,,2024-08-26
Saipem,15.704,10.679,,2024-08-26
Salvatore Ferragamo,304,569,,2024-08-26
Sanlorenzo,,,,2024-08-26
Saras,633,598,,2024-08-26
Sesa,4.602,276,,2024-08-26
Snam,13.285,21.623,,2024-08-26
Stellantis,129.453,345.581,,2024-08-26
Stmicroelectronics,6.271,8.239,,2024-08-26
Tamburi,83,21,,2024-08-26
Technogym,177,76,,2024-08-26
Technoprobe,162,60,,2024-08-26
Telecom Italia,166.199,160.583,,2024-08-26
Telecom Italia R,13.426,12.750,,2024-08-26
Tenaris,7.768,12.362,,2024-08-26
Terna,1.263,7.328,,2024-08-26
Unicredit,45.308,125.588,,2024-08-26
Unipol,2.417,6.157,,2024-08-26
Webuild,811,1.959,,2024-08-26
Totale,1.695.217,3.764.228,,2024-08-26
Ftsemib,80.407,167.792,,2024-08-27
A2a,2.846,2.232,,2024-08-27
Acea,524,446,,2024-08-27
Amplifon,561,575,,2024-08-27
Anima Holding,253,397,,2024-08-27
Ariston Holding,51,17,,2024-08-27
Azimut,2.522,1.691,,2024-08-27
Banca Generali,2.961,1.189,,2024-08-27
Banca Ifis,4.902,533,,2024-08-27
Banca Mediolanum,2.329,1.494,,2024-08-27
Banca Monte Paschi Siena,10.588,27.643,,2024-08-27
Banco Bpm,47.385,173.930,,2024-08-27
Bca Pop Sondrio,746,386,,2024-08-27
Bff Bank,71,26,,2024-08-27
Bper Banca,11.032,15.485,,2024-08-27
Brembo,585,1.100,,2024-08-27
Brunello Cucinelli,120,470,,2024-08-27
Buzzi,1.027,867,,2024-08-27
Campari,9.073,6.852,,2024-08-27
Carel Industries,,,,2024-08-27
Danieli & C,451,96,,2024-08-27
De'Longhi,25,21,,2024-08-27
Diasorin,720,410,,2024-08-27
Enav,583,15,,2024-08-27
Enel,255.344,514.005,,2024-08-27
Eni,111.529,296.068,,2024-08-27
Erg,424,608,,2024-08-27
Ferrari,7.218,10.510,,2024-08-27
Fincantieri,344,1.020,,2024-08-27
Finecobank,1.953,12.034,,2024-08-27
Generali,414.470,770.316,,2024-08-27
Geox,93,52,,2024-08-27
Gvs,8,1,,2024-08-27
Hera,550,63,,2024-08-27
Industrie De Nora,562,412,,2024-08-27
Interpump Group,2.604,695,,2024-08-27
Intesa Sanpaolo,242.098,915.531,,2024-08-27
Inwit,2.900,1.238,,2024-08-27
Iren,1.911,147,,2024-08-27
Italgas,964,3.295,,2024-08-27
Iveco Group,2.157,818,,2024-08-27
Juventus Fc,55,199,,2024-08-27
Leonardo,6.087,4.551,,2024-08-27
Lottomatica Group,89,25,,2024-08-27
Maire,245,40,,2024-08-27
Mediobanca,17.088,40.629,,2024-08-27
Mfe B,508,525,,2024-08-27
Moncler,3.268,4.182,,2024-08-27
Mondadori Edit,1.822,53,,2024-08-27
Nexi,15.468,25.527,,2024-08-27
Ovs,510,338,,2024-08-27
Piaggio,184,349,,2024-08-27
Pirelli & C,4.410,19.825,,2024-08-27
Poste Italiane,10.827,12.311,,2024-08-27
Prysmian,4.067,4.265,,2024-08-27
Rai Way,,,,2024-08-27
Recordati Ord,472,272,,2024-08-27
Reply,7,9,,2024-08-27
Safilo Group,40,6,,2024-08-27
Saipem,15.715,10.741,,2024-08-27
Salvatore Ferragamo,320,569,,2024-08-27
Sanlorenzo,,,,2024-08-27
Saras,633,608,,2024-08-27
Sesa,4.602,276,,2024-08-27
Snam,13.294,21.627,,2024-08-27
Stellantis,129.509,345.586,,2024-08-27
Stmicroelectronics,6.287,8.304,,2024-08-27
Tamburi,70,22,,2024-08-27
Technogym,177,74,,2024-08-27
Technoprobe,162,60,,2024-08-27
Telecom Italia,166.562,160.603,,2024-08-27
Telecom Italia R,13.491,12.758,,2024-08-27
Tenaris,7.773,12.365,,2024-08-27
Terna,1.267,7.333,,2024-08-27
Unicredit,45.727,125.724,,2024-08-27
Unipol,2.420,6.157,,2024-08-27
Webuild,815,1.960,,2024-08-27
Totale,1.698.862,3.758.353,,2024-08-27
Ftsemib,81.040,168.440,,2024-08-28
A2a,2.946,2.233,,2024-08-28
Acea,526,449,,2024-08-28
Amplifon,561,577,,2024-08-28
Anima Holding,267,397,,2024-08-28
Ariston Holding,41,19,,2024-08-28
Azimut,2.523,1.691,,2024-08-28
Banca Generali,2.961,1.189,,2024-08-28
Banca Ifis,4.902,533,,2024-08-28
Banca Mediolanum,2.329,1.494,,2024-08-28
Banca Monte Paschi Siena,10.603,28.379,,2024-08-28
Banco Bpm,48.392,173.947,,2024-08-28
Bca Pop Sondrio,746,386,,2024-08-28
Bff Bank,71,26,,2024-08-28
Bper Banca,11.033,15.494,,2024-08-28
Brembo,595,1.101,,2024-08-28
Brunello Cucinelli,124,470,,2024-08-28
Buzzi,1.029,867,,2024-08-28
Campari,9.325,6.834,,2024-08-28
Carel Industries,,,,2024-08-28
Danieli & C,451,97,,2024-08-28
De'Longhi,26,21,,2024-08-28
Diasorin,720,411,,2024-08-28
Enav,583,15,,2024-08-28
Enel,258.365,515.527,,2024-08-28
Eni,116.993,298.533,,2024-08-28
Erg,433,639,,2024-08-28
Ferrari,7.227,10.774,,2024-08-28
Fincantieri,344,1.019,,2024-08-28
Finecobank,1.951,12.035,,2024-08-28
Generali,415.207,770.262,,2024-08-28
Geox,93,52,,2024-08-28
Gvs,8,1,,2024-08-28
Hera,550,63,,2024-08-28
Industrie De Nora,562,412,,2024-08-28
Interpump Group,2.604,695,,2024-08-28
Intesa Sanpaolo,244.722,917.813,,2024-08-28
Inwit,2.901,1.238,,2024-08-28
Iren,1.911,147,,2024-08-28
Italgas,964,3.294,,2024-08-28
Iveco Group,2.159,817,,2024-08-28
Juventus Fc,65,199,,2024-08-28
Leonardo,6.088,4.577,,2024-08-28
Lottomatica Group,89,25,,2024-08-28
Maire,245,40,,2024-08-28
Mediobanca,17.097,40.633,,2024-08-28
Mfe B,506,525,,2024-08-28
Moncler,3.370,4.214,,2024-08-28
Mondadori Edit,1.822,53,,2024-08-28
Nexi,15.622,25.630,,2024-08-28
Ovs,510,341,,2024-08-28
Piaggio,184,350,,2024-08-28
Pirelli & C,4.417,20.001,,2024-08-28
Poste Italiane,10.827,11.821,,2024-08-28
Prysmian,4.070,4.266,,2024-08-28
Rai Way,,,,2024-08-28
Recordati Ord,472,272,,2024-08-28
Reply,7,9,,2024-08-28
Safilo Group,30,6,,2024-08-28
Saipem,15.756,10.782,,2024-08-28
Salvatore Ferragamo,320,569,,2024-08-28
Sanlorenzo,,,,2024-08-28
Saras,633,818,,2024-08-28
Sesa,4.602,276,,2024-08-28
Snam,13.299,21.681,,2024-08-28
Stellantis,129.621,348.639,,2024-08-28
Stmicroelectronics,6.302,8.298,,2024-08-28
Tamburi,70,22,,2024-08-28
Technogym,177,74,,2024-08-28
Technoprobe,162,60,,2024-08-28
Telecom Italia,167.161,160.918,,2024-08-28
Telecom Italia R,18.497,12.782,,2024-08-28
Tenaris,8.285,12.486,,2024-08-28
Terna,1.267,7.345,,2024-08-28
Unicredit,44.923,125.748,,2024-08-28
Unipol,2.414,6.157,,2024-08-28
Webuild,827,1.966,,2024-08-28
Totale,1.718.525,3.769.974,,2024-08-28
Ftsemib,81.842,168.750,,2024-08-29
A2a,2.942,2.233,,2024-08-29
Acea,526,450,,2024-08-29
Amplifon,563,577,,2024-08-29
Anima Holding,267,397,,2024-08-29
Ariston Holding,41,19,,2024-08-29
Azimut,2.578,1.683,,2024-08-29
Banca Generali,2.961,1.189,,2024-08-29
Banca Ifis,4.902,533,,2024-08-29
Banca Mediolanum,2.329,1.495,,2024-08-29
Banca Monte Paschi Siena,10.597,28.499,,2024-08-29
Banco Bpm,48.403,174.028,,2024-08-29
Bca Pop Sondrio,746,386,,2024-08-29
Bff Bank,71,26,,2024-08-29
Bper Banca,11.092,15.519,,2024-08-29
Brembo,595,1.101,,2024-08-29
Brunello Cucinelli,124,470,,2024-08-29
Buzzi,1.033,868,,2024-08-29
Campari,9.331,6.835,,2024-08-29
Carel Industries,,,,2024-08-29
Danieli & C,451,97,,2024-08-29
De'Longhi,27,21,,2024-08-29
Diasorin,721,414,,2024-08-29
Enav,583,15,,2024-08-29
Enel,261.661,526.228,,2024-08-29
Eni,118.257,300.680,,2024-08-29
Erg,438,639,,2024-08-29
Ferrari,7.212,10.792,,2024-08-29
Fincantieri,344,1.019,,2024-08-29
Finecobank,1.962,12.034,,2024-08-29
Generali,415.018,770.355,,2024-08-29
Geox,93,52,,2024-08-29
Gvs,8,1,,2024-08-29
Hera,562,63,,2024-08-29
Industrie De Nora,562,412,,2024-08-29
Interpump Group,2.609,696,,2024-08-29
Intesa Sanpaolo,244.644,918.154,,2024-08-29
Inwit,2.901,1.238,,2024-08-29
Iren,1.911,147,,2024-08-29
Italgas,965,3.294,,2024-08-29
Iveco Group,2.162,817,,2024-08-29
Juventus Fc,75,199,,2024-08-29
Leonardo,6.085,4.580,,2024-08-29
Lottomatica Group,89,25,,2024-08-29
Maire,245,41,,2024-08-29
Mediobanca,17.106,40.644,,2024-08-29
Mfe B,506,525,,2024-08-29
Moncler,3.369,4.225,,2024-08-29
Mondadori Edit,1.822,53,,2024-08-29
Nexi,15.725,25.632,,2024-08-29
Ovs,510,363,,2024-08-29
Piaggio,184,350,,2024-08-29
Pirelli & C,4.431,20.001,,2024-08-29
Poste Italiane,10.833,11.823,,2024-08-29
Prysmian,4.183,4.368,,2024-08-29
Rai Way,,,,2024-08-29
Recordati Ord,472,272,,2024-08-29
Reply,7,9,,2024-08-29
Safilo Group,30,6,,2024-08-29
Saipem,15.761,10.809,,2024-08-29
Salvatore Ferragamo,320,569,,2024-08-29
Sanlorenzo,,,,2024-08-29
Saras,633,818,,2024-08-29
Sesa,4.602,276,,2024-08-29
Snam,13.300,21.681,,2024-08-29
Stellantis,130.324,344.043,,2024-08-29
Stmicroelectronics,6.324,8.712,,2024-08-29
Tamburi,73,23,,2024-08-29
Technogym,178,74,,2024-08-29
Technoprobe,162,60,,2024-08-29
Telecom Italia,172.402,160.919,,2024-08-29
Telecom Italia R,18.502,12.787,,2024-08-29
Tenaris,8.443,12.679,,2024-08-29
Terna,1.275,7.345,,2024-08-29
Unicredit,44.966,125.800,,2024-08-29
Unipol,2.415,6.157,,2024-08-29
Webuild,824,1.971,,2024-08-29
Totale,1.730.210,3.780.065,,2024-08-29
Ftsemib,86.250,175.163,,2024-08-30
A2a,2.964,2.248,,2024-08-30
Acea,526,452,,2024-08-30
Amplifon,566,578,,2024-08-30
Anima Holding,271,397,,2024-08-30
Ariston Holding,43,19,,2024-08-30
Azimut,2.630,1.685,,2024-08-30
Banca Generali,2.971,1.209,,2024-08-30
Banca Ifis,4.902,533,,2024-08-30
Banca Mediolanum,2.329,1.500,,2024-08-30
Banca Monte Paschi Siena,10.599,28.538,,2024-08-30
Banco Bpm,48.451,174.108,,2024-08-30
Bca Pop Sondrio,755,386,,2024-08-30
Bff Bank,71,26,,2024-08-30
Bper Banca,11.128,15.675,,2024-08-30
Brembo,597,1.101,,2024-08-30
Brunello Cucinelli,126,474,,2024-08-30
Buzzi,1.033,868,,2024-08-30
Campari,9.525,6.847,,2024-08-30
Carel Industries,,,,2024-08-30
Danieli & C,451,97,,2024-08-30
De'Longhi,27,21,,2024-08-30
Diasorin,723,414,,2024-08-30
Enav,583,15,,2024-08-30
Enel,262.133,529.804,,2024-08-30
Eni,119.220,303.429,,2024-08-30
Erg,438,639,,2024-08-30
Ferrari,7.459,10.798,,2024-08-30
Fincantieri,344,1.019,,2024-08-30
Finecobank,1.967,12.027,,2024-08-30
Generali,416.870,770.761,,2024-08-30
Geox,93,52,,2024-08-30
Gvs,8,1,,2024-08-30
Hera,562,63,,2024-08-30
Industrie De Nora,562,412,,2024-08-30
Interpump Group,2.710,696,,2024-08-30
Intesa Sanpaolo,244.852,926.896,,2024-08-30
Inwit,2.901,1.238,,2024-08-30
Iren,1.921,147,,2024-08-30
Italgas,966,3.331,,2024-08-30
Iveco Group,2.181,854,,2024-08-30
Juventus Fc,85,199,,2024-08-30
Leonardo,6.096,4.576,,2024-08-30
Lottomatica Group,89,25,,2024-08-30
Maire,245,41,,2024-08-30
Mediobanca,17.578,40.689,,2024-08-30
Mfe B,506,525,,2024-08-30
Moncler,3.369,4.225,,2024-08-30
Mondadori Edit,1.822,53,,2024-08-30
Nexi,15.733,25.636,,2024-08-30
Ovs,510,363,,2024-08-30
Piaggio,184,350,,2024-08-30
Pirelli & C,4.431,20.133,,2024-08-30
Poste Italiane,10.851,11.846,,2024-08-30
Prysmian,4.195,4.368,,2024-08-30
Rai Way,,,,2024-08-30
Recordati Ord,472,272,,2024-08-30
Reply,11,9,,2024-08-30
Safilo Group,30,6,,2024-08-30
Saipem,15.764,10.972,,2024-08-30
Salvatore Ferragamo,322,573,,2024-08-30
Sanlorenzo,,,,2024-08-30
Saras,633,818,,2024-08-30
Sesa,4.608,276,,2024-08-30
Snam,13.301,21.586,,2024-08-30
Stellantis,130.443,352.060,,2024-08-30
Stmicroelectronics,6.344,8.831,,2024-08-30
Tamburi,73,19,,2024-08-30
Technogym,178,66,,2024-08-30
Technoprobe,162,60,,2024-08-30
Telecom Italia,172.412,160.949,,2024-08-30
Telecom Italia R,18.503,12.787,,2024-08-30
Tenaris,8.499,13.332,,2024-08-30
Terna,1.278,7.336,,2024-08-30
Unicredit,45.021,126.319,,2024-08-30
Unipol,2.440,6.157,,2024-08-30
Webuild,824,1.974,,2024-08-30
Totale,1.739.720,3.811.952,,2024-08-30
Ftsemib,87.137,176.989,,2024-09-02
A2a,3.006,2.254,,2024-09-02
Acea,526,452,,2024-09-02
Amplifon,568,578,,2024-09-02
Anima Holding,311,407,,2024-09-02
Ariston Holding,43,19,,2024-09-02
Azimut,2.630,1.705,,2024-09-02
Banca Generali,2.982,1.220,,2024-09-02
Banca Ifis,4.905,533,,2024-09-02
Banca Mediolanum,2.339,1.500,,2024-09-02
Banca Monte Paschi Siena,10.480,33.314,,2024-09-02
Banco Bpm,49.463,174.086,,2024-09-02
Bca Pop Sondrio,770,389,,2024-09-02
Bff Bank,71,26,,2024-09-02
Bper Banca,11.155,15.710,,2024-09-02
Brembo,597,1.101,,2024-09-02
Brunello Cucinelli,126,475,,2024-09-02
Buzzi,1.063,871,,2024-09-02
Campari,9.532,6.843,,2024-09-02
Carel Industries,,,,2024-09-02
Danieli & C,451,97,,2024-09-02
De'Longhi,27,21,,2024-09-02
Diasorin,724,415,,2024-09-02
Enav,583,15,,2024-09-02
Enel,263.362,529.745,,2024-09-02
Eni,121.112,303.507,,2024-09-02
Erg,448,639,,2024-09-02
Ferrari,7.454,10.820,,2024-09-02
Fincantieri,354,1.019,,2024-09-02
Finecobank,1.964,12.027,,2024-09-02
Generali,416.453,770.308,,2024-09-02
Geox,93,52,,2024-09-02
Gvs,8,1,,2024-09-02
Hera,564,61,,2024-09-02
Industrie De Nora,562,412,,2024-09-02
Interpump Group,2.710,788,,2024-09-02
Intesa Sanpaolo,246.147,925.792,,2024-09-02
Inwit,2.901,1.238,,2024-09-02
Iren,1.921,147,,2024-09-02
Italgas,970,3.331,,2024-09-02
Iveco Group,2.181,855,,2024-09-02
Juventus Fc,86,199,,2024-09-02
Leonardo,6.101,4.583,,2024-09-02
Lottomatica Group,89,25,,2024-09-02
Maire,245,41,,2024-09-02
Mediobanca,17.578,40.684,,2024-09-02
Mfe B,506,530,,2024-09-02
Moncler,3.371,4.225,,2024-09-02
Mondadori Edit,1.822,53,,2024-09-02
Nexi,16.278,25.635,,2024-09-02
Ovs,510,363,,2024-09-02
Piaggio,187,350,,2024-09-02
Pirelli & C,4.431,20.133,,2024-09-02
Poste Italiane,10.856,11.874,,2024-09-02
Prysmian,4.205,4.388,,2024-09-02
Rai Way,,,,2024-09-02
Recordati Ord,476,272,,2024-09-02
Reply,13,9,,2024-09-02
Safilo Group,32,6,,2024-09-02
Saipem,15.766,10.972,,2024-09-02
Salvatore Ferragamo,332,573,,2024-09-02
Sanlorenzo,,,,2024-09-02
Saras,633,818,,2024-09-02
Sesa,4.608,276,,2024-09-02
Snam,13.305,21.566,,2024-09-02
Stellantis,130.698,351.083,,2024-09-02
Stmicroelectronics,6.350,8.943,,2024-09-02
Tamburi,73,19,,2024-09-02
Technogym,183,66,,2024-09-02
Technoprobe,242,60,,2024-09-02
Telecom Italia,172.513,160.957,,2024-09-02
Telecom Italia R,18.528,12.792,,2024-09-02
Tenaris,8.750,13.539,,2024-09-02
Terna,1.281,7.330,,2024-09-02
Unicredit,44.838,126.340,,2024-09-02
Unipol,2.449,6.157,,2024-09-02
Webuild,824,2.004,,2024-09-02
Totale,1.746.852,3.816.627,,2024-09-02
Ftsemib,87.259,179.658,,2024-09-03
A2a,3.006,2.254,,2024-09-03
Acea,526,452,,2024-09-03
Amplifon,576,587,,2024-09-03
Anima Holding,311,407,,2024-09-03
Ariston Holding,43,19,,2024-09-03
Azimut,2.631,1.725,,2024-09-03
Banca Generali,2.982,1.223,,2024-09-03
Banca Ifis,4.905,533,,2024-09-03
Banca Mediolanum,2.352,1.501,,2024-09-03
Banca Monte Paschi Siena,10.485,33.328,,2024-09-03
Banco Bpm,49.504,174.117,,2024-09-03
Bca Pop Sondrio,680,389,,2024-09-03
Bff Bank,74,26,,2024-09-03
Bper Banca,11.178,15.743,,2024-09-03
Brembo,597,1.104,,2024-09-03
Brunello Cucinelli,127,481,,2024-09-03
Buzzi,1.062,900,,2024-09-03
Campari,9.535,6.848,,2024-09-03
Carel Industries,,,,2024-09-03
Danieli & C,451,97,,2024-09-03
De'Longhi,27,26,,2024-09-03
Diasorin,729,423,,2024-09-03
Enav,583,15,,2024-09-03
Enel,263.648,529.894,,2024-09-03
Eni,121.129,303.529,,2024-09-03
Erg,448,644,,2024-09-03
Ferrari,7.463,10.819,,2024-09-03
Fincantieri,354,1.020,,2024-09-03
Finecobank,2.023,12.041,,2024-09-03
Generali,436.779,774.976,,2024-09-03
Geox,93,52,,2024-09-03
Gvs,8,1,,2024-09-03
Hera,564,61,,2024-09-03
Industrie De Nora,612,412,,2024-09-03
Interpump Group,2.711,786,,2024-09-03
Intesa Sanpaolo,246.874,937.809,,2024-09-03
Inwit,2.901,1.238,,2024-09-03
Iren,1.921,147,,2024-09-03
Italgas,970,3.331,,2024-09-03
Iveco Group,2.208,854,,2024-09-03
Juventus Fc,86,199,,2024-09-03
Leonardo,6.094,4.740,,2024-09-03
Lottomatica Group,89,25,,2024-09-03
Maire,245,41,,2024-09-03
Mediobanca,17.600,40.682,,2024-09-03
Mfe B,507,490,,2024-09-03
Moncler,3.379,4.235,,2024-09-03
Mondadori Edit,1.822,53,,2024-09-03
Nexi,16.312,25.636,,2024-09-03
Ovs,510,363,,2024-09-03
Piaggio,188,350,,2024-09-03
Pirelli & C,4.431,20.193,,2024-09-03
Poste Italiane,10.856,11.894,,2024-09-03
Prysmian,5.710,4.394,,2024-09-03
Rai Way,,,,2024-09-03
Recordati Ord,476,272,,2024-09-03
Reply,13,9,,2024-09-03
Safilo Group,32,6,,2024-09-03
Saipem,15.769,10.992,,2024-09-03
Salvatore Ferragamo,332,573,,2024-09-03
Sanlorenzo,,,,2024-09-03
Sesa,4.608,276,,2024-09-03
Snam,13.481,21.570,,2024-09-03
Stellantis,131.362,353.522,,2024-09-03
Stmicroelectronics,6.381,8.948,,2024-09-03
Tamburi,73,19,,2024-09-03
Technogym,183,66,,2024-09-03
Technoprobe,242,60,,2024-09-03
Telecom Italia,172.547,160.957,,2024-09-03
Telecom Italia R,18.528,12.792,,2024-09-03
Tenaris,8.757,13.343,,2024-09-03
Terna,1.283,7.340,,2024-09-03
Unicredit,45.512,126.370,,2024-09-03
Unipol,2.448,6.159,,2024-09-03
Webuild,823,2.055,,2024-09-03
Totale,1.771.008,3.838.094,,2024-09-03
Ftsemib,87.537,180.883,,2024-09-04
A2a,3.006,2.254,,2024-09-04
Acea,526,452,,2024-09-04
Amplifon,576,590,,2024-09-04
Anima Holding,316,407,,2024-09-04
Ariston Holding,42,19,,2024-09-04
Azimut,2.614,1.729,,2024-09-04
Banca Generali,2.982,1.227,,2024-09-04
Banca Ifis,4.905,533,,2024-09-04
Banca Mediolanum,2.352,1.551,,2024-09-04
Banca Monte Paschi Siena,10.338,33.399,,2024-09-04
Banco Bpm,49.534,174.223,,2024-09-04
Bca Pop Sondrio,679,411,,2024-09-04
Bff Bank,80,27,,2024-09-04
Bper Banca,11.174,15.948,,2024-09-04
Brembo,597,1.159,,2024-09-04
Brunello Cucinelli,130,559,,2024-09-04
Buzzi,1.062,900,,2024-09-04
Campari,9.532,6.848,,2024-09-04
Carel Industries,,,,2024-09-04
Danieli & C,454,100,,2024-09-04
De'Longhi,27,26,,2024-09-04
Diasorin,729,394,,2024-09-04
Enav,583,15,,2024-09-04
Enel,264.867,529.827,,2024-09-04
Eni,121.124,303.940,,2024-09-04
Erg,448,644,,2024-09-04
Ferrari,7.535,10.906,,2024-09-04
Fincantieri,357,1.020,,2024-09-04
Finecobank,2.024,12.089,,2024-09-04
Generali,439.140,775.575,,2024-09-04
Geox,93,52,,2024-09-04
Gvs,8,1,,2024-09-04
Hera,563,61,,2024-09-04
Industrie De Nora,612,412,,2024-09-04
Interpump Group,2.711,786,,2024-09-04
Intesa Sanpaolo,247.609,938.086,,2024-09-04
Inwit,2.901,1.238,,2024-09-04
Iren,1.921,147,,2024-09-04
Italgas,970,3.333,,2024-09-04
Iveco Group,2.211,855,,2024-09-04
Juventus Fc,86,199,,2024-09-04
Leonardo,6.108,4.838,,2024-09-04
Lottomatica Group,89,25,,2024-09-04
Maire,245,41,,2024-09-04
Mediobanca,17.600,40.707,,2024-09-04
Mfe B,507,490,,2024-09-04
Moncler,3.484,4.187,,2024-09-04
Mondadori Edit,1.823,53,,2024-09-04
Nexi,16.400,25.686,,2024-09-04
Ovs,510,363,,2024-09-04
Piaggio,188,350,,2024-09-04
Pirelli & C,4.431,20.209,,2024-09-04
Poste Italiane,11.058,12.132,,2024-09-04
Prysmian,5.712,4.394,,2024-09-04
Rai Way,,,,2024-09-04
Recordati Ord,476,271,,2024-09-04
Reply,13,9,,2024-09-04
Safilo Group,32,6,,2024-09-04
Saipem,15.807,11.457,,2024-09-04
Salvatore Ferragamo,332,573,,2024-09-04
Sanlorenzo,,,,2024-09-04
Sesa,4.610,276,,2024-09-04
Snam,13.509,21.598,,2024-09-04
Stellantis,132.318,356.293,,2024-09-04
Stmicroelectronics,6.378,8.985,,2024-09-04
Tamburi,73,19,,2024-09-04
Technogym,183,66,,2024-09-04
Technoprobe,242,60,,2024-09-04
Telecom Italia,172.633,160.957,,2024-09-04
Telecom Italia R,18.528,12.792,,2024-09-04
Tenaris,8.722,13.324,,2024-09-04
Terna,1.289,7.340,,2024-09-04
Unicredit,45.475,128.497,,2024-09-04
Unipol,2.449,6.176,,2024-09-04
Webuild,823,2.060,,2024-09-04
Totale,1.777.002,3.847.059,,2024-09-04
Ftsemib,87.654,180.680,,2024-09-05
A2a,2.899,2.267,,2024-09-05
Acea,526,452,,2024-09-05
Amplifon,578,580,,2024-09-05
Anima Holding,316,427,,2024-09-05
Ariston Holding,38,19,,2024-09-05
Azimut,2.614,1.729,,2024-09-05
Banca Generali,2.982,1.233,,2024-09-05
Banca Ifis,4.905,533,,2024-09-05
Banca Mediolanum,2.352,1.551,,2024-09-05
Banca Monte Paschi Siena,10.383,34.452,,2024-09-05
Banco Bpm,49.537,174.246,,2024-09-05
Bca Pop Sondrio,745,416,,2024-09-05
Bff Bank,80,27,,2024-09-05
Bper Banca,11.172,16.025,,2024-09-05
Brembo,597,1.159,,2024-09-05
Brunello Cucinelli,130,559,,2024-09-05
Buzzi,1.082,900,,2024-09-05
Campari,9.528,6.848,,2024-09-05
Carel Industries,,,,2024-09-05
Danieli & C,456,103,,2024-09-05
De'Longhi,27,26,,2024-09-05
Diasorin,730,394,,2024-09-05
Enav,583,15,,2024-09-05
Enel,266.187,531.333,,2024-09-05
Eni,122.529,307.168,,2024-09-05
Erg,448,643,,2024-09-05
Ferrari,7.538,10.917,,2024-09-05
Fincantieri,358,1.020,,2024-09-05
Finecobank,2.039,12.122,,2024-09-05
Generali,439.975,774.575,,2024-09-05
Geox,93,52,,2024-09-05
Gvs,8,1,,2024-09-05
Hera,563,61,,2024-09-05
Industrie De Nora,612,412,,2024-09-05
Interpump Group,2.968,1.040,,2024-09-05
Intesa Sanpaolo,249.033,946.424,,2024-09-05
Inwit,2.900,1.238,,2024-09-05
Iren,1.921,147,,2024-09-05
Italgas,971,3.333,,2024-09-05
Iveco Group,2.212,860,,2024-09-05
Juventus Fc,86,199,,2024-09-05
Leonardo,6.109,4.841,,2024-09-05
Lottomatica Group,89,25,,2024-09-05
Maire,246,41,,2024-09-05
Mediobanca,17.679,40.711,,2024-09-05
Mfe B,507,490,,2024-09-05
Moncler,3.490,4.136,,2024-09-05
Mondadori Edit,1.823,53,,2024-09-05
Nexi,16.411,25.683,,2024-09-05
Ovs,510,393,,2024-09-05
Piaggio,188,366,,2024-09-05
Pirelli & C,4.431,20.213,,2024-09-05
Poste Italiane,11.063,13.103,,2024-09-05
Prysmian,5.712,4.401,,2024-09-05
Rai Way,,,,2024-09-05
Recordati Ord,476,271,,2024-09-05
Reply,13,9,,2024-09-05
Safilo Group,32,6,,2024-09-05
Saipem,15.859,11.171,,2024-09-05
Salvatore Ferragamo,332,573,,2024-09-05
Sanlorenzo,,,,2024-09-05
Sesa,4.611,276,,2024-09-05
Snam,13.511,21.619,,2024-09-05
Stellantis,132.503,355.264,,2024-09-05
Stmicroelectronics,6.416,8.973,,2024-09-05
Tamburi,73,19,,2024-09-05
Technogym,183,66,,2024-09-05
Technoprobe,242,70,,2024-09-05
Telecom Italia,172.700,160.957,,2024-09-05
Telecom Italia R,18.538,12.792,,2024-09-05
Tenaris,8.724,13.325,,2024-09-05
Terna,1.294,7.339,,2024-09-05
Unicredit,45.490,128.048,,2024-09-05
Unipol,2.449,6.176,,2024-09-05
Webuild,818,2.060,,2024-09-05
Totale,1.782.877,3.859.656,,2024-09-05
Ftsemib,87.705,182.870,,2024-09-06
A2a,2.901,2.271,,2024-09-06
Acea,526,452,,2024-09-06
Amplifon,581,583,,2024-09-06
Anima Holding,317,426,,2024-09-06
Ariston Holding,38,19,,2024-09-06
Azimut,2.651,1.735,,2024-09-06
Banca Generali,2.982,1.233,,2024-09-06
Banca Ifis,4.905,533,,2024-09-06
Banca Mediolanum,2.352,1.551,,2024-09-06
Banca Monte Paschi Siena,10.367,34.411,,2024-09-06
Banco Bpm,49.683,174.266,,2024-09-06
Bca Pop Sondrio,745,416,,2024-09-06
Bff Bank,80,27,,2024-09-06
Bper Banca,11.169,16.076,,2024-09-06
Brembo,597,1.170,,2024-09-06
Brunello Cucinelli,179,561,,2024-09-06
Buzzi,1.083,900,,2024-09-06
Campari,9.528,6.850,,2024-09-06
Carel Industries,,,,2024-09-06
Danieli & C,456,103,,2024-09-06
De'Longhi,27,26,,2024-09-06
Diasorin,730,396,,2024-09-06
Enav,583,15,,2024-09-06
Enel,274.439,535.384,,2024-09-06
Eni,122.219,307.239,,2024-09-06
Erg,451,643,,2024-09-06
Ferrari,7.549,10.930,,2024-09-06
Fincantieri,376,1.025,,2024-09-06
Finecobank,2.042,12.110,,2024-09-06
Generali,438.635,775.864,,2024-09-06
Geox,93,52,,2024-09-06
Gvs,8,1,,2024-09-06
Hera,565,61,,2024-09-06
Industrie De Nora,612,412,,2024-09-06
Interpump Group,2.969,1.043,,2024-09-06
Intesa Sanpaolo,249.054,951.177,,2024-09-06
Inwit,2.901,1.238,,2024-09-06
Iren,1.921,147,,2024-09-06
Italgas,984,3.333,,2024-09-06
Iveco Group,2.214,866,,2024-09-06
Juventus Fc,86,199,,2024-09-06
Leonardo,6.227,4.861,,2024-09-06
Lottomatica Group,89,25,,2024-09-06
Maire,246,41,,2024-09-06
Mediobanca,17.709,40.698,,2024-09-06
Mfe B,508,490,,2024-09-06
Moncler,3.522,4.148,,2024-09-06
Mondadori Edit,1.823,53,,2024-09-06
Nexi,16.420,25.683,,2024-09-06
Ovs,510,393,,2024-09-06
Piaggio,188,366,,2024-09-06
Pirelli & C,4.432,20.233,,2024-09-06
Poste Italiane,11.078,13.699,,2024-09-06
Prysmian,5.712,4.444,,2024-09-06
Rai Way,,,,2024-09-06
Recordati Ord,476,271,,2024-09-06
Reply,15,11,,2024-09-06
Safilo Group,32,6,,2024-09-06
Saipem,15.896,11.231,,2024-09-06
Salvatore Ferragamo,332,573,,2024-09-06
Sanlorenzo,,,,2024-09-06
Sesa,4.616,276,,2024-09-06
Snam,13.426,21.636,,2024-09-06
Stellantis,134.029,354.971,,2024-09-06
Stmicroelectronics,6.472,9.031,,2024-09-06
Tamburi,73,19,,2024-09-06
Technogym,183,66,,2024-09-06
Technoprobe,242,70,,2024-09-06
Telecom Italia,172.752,160.957,,2024-09-06
Telecom Italia R,18.548,12.802,,2024-09-06
Tenaris,8.726,13.345,,2024-09-06
Terna,1.348,7.338,,2024-09-06
Unicredit,45.531,128.160,,2024-09-06
Unipol,2.426,6.171,,2024-09-06
Webuild,818,2.090,,2024-09-06
Totale,1.791.708,3.872.772,,2024-09-06
Ftsemib,88.094,182.665,,2024-09-09
A2a,2.770,2.276,,2024-09-09
Acea,526,452,,2024-09-09
Amplifon,583,586,,2024-09-09
Anima Holding,326,429,,2024-09-09
Ariston Holding,38,49,,2024-09-09
Azimut,2.656,1.742,,2024-09-09
Banca Generali,2.982,1.253,,2024-09-09
Banca Ifis,4.904,533,,2024-09-09
Banca Mediolanum,2.351,1.551,,2024-09-09
Banca Monte Paschi Siena,10.652,34.433,,2024-09-09
Banco Bpm,49.772,176.417,,2024-09-09
Bca Pop Sondrio,745,416,,2024-09-09
Bff Bank,87,27,,2024-09-09
Bper Banca,11.204,16.168,,2024-09-09
Brembo,597,1.178,,2024-09-09
Brunello Cucinelli,179,561,,2024-09-09
Buzzi,1.093,900,,2024-09-09
Campari,9.533,6.851,,2024-09-09
Carel Industries,,,,2024-09-09
Danieli & C,456,103,,2024-09-09
De'Longhi,27,26,,2024-09-09
Diasorin,729,396,,2024-09-09
Enav,583,15,,2024-09-09
Enel,275.564,536.447,,2024-09-09
Eni,123.085,306.131,,2024-09-09
Erg,451,648,,2024-09-09
Ferrari,7.518,10.942,,2024-09-09
Fincantieri,382,1.027,,2024-09-09
Finecobank,2.036,12.130,,2024-09-09
Generali,437.852,775.985,,2024-09-09
Geox,93,52,,2024-09-09
Gvs,8,1,,2024-09-09
Hera,578,61,,2024-09-09
Industrie De Nora,612,412,,2024-09-09
Interpump Group,2.969,1.043,,2024-09-09
Intesa Sanpaolo,249.354,952.105,,2024-09-09
Inwit,2.901,1.238,,2024-09-09
Iren,1.921,146,,2024-09-09
Italgas,984,3.346,,2024-09-09
Iveco Group,2.215,866,,2024-09-09
Juventus Fc,86,199,,2024-09-09
Leonardo,6.219,4.861,,2024-09-09
Lottomatica Group,89,25,,2024-09-09
Maire,246,41,,2024-09-09
Mediobanca,17.749,40.700,,2024-09-09
Mfe B,509,490,,2024-09-09
Moncler,3.526,4.150,,2024-09-09
Mondadori Edit,1.828,53,,2024-09-09
Nexi,16.560,27.683,,2024-09-09
Ovs,510,393,,2024-09-09
Piaggio,188,365,,2024-09-09
Pirelli & C,4.488,20.236,,2024-09-09
Poste Italiane,11.082,13.819,,2024-09-09
Prysmian,5.713,4.458,,2024-09-09
Rai Way,,,,2024-09-09
Recordati Ord,476,271,,2024-09-09
Reply,15,11,,2024-09-09
Safilo Group,32,6,,2024-09-09
Saipem,15.928,11.283,,2024-09-09
Salvatore Ferragamo,344,575,,2024-09-09
Sanlorenzo,,,,2024-09-09
Sesa,4.630,276,,2024-09-09
Snam,13.428,21.632,,2024-09-09
Stellantis,134.089,356.625,,2024-09-09
Stmicroelectronics,6.498,9.064,,2024-09-09
Tamburi,73,19,,2024-09-09
Technogym,183,66,,2024-09-09
Technoprobe,242,70,,2024-09-09
Telecom Italia,172.934,160.967,,2024-09-09
Telecom Italia R,18.548,12.802,,2024-09-09
Tenaris,8.729,13.345,,2024-09-09
Terna,1.598,7.334,,2024-09-09
Unicredit,45.550,128.182,,2024-09-09
Unipol,2.426,6.171,,2024-09-09
Webuild,818,2.090,,2024-09-09
Totale,1.794.744,3.879.869,,2024-09-09
Ftsemib,88.337,182.844,,2024-09-10
A2a,2.782,2.283,,2024-09-10
Acea,527,457,,2024-09-10
Amplifon,585,586,,2024-09-10
Anima Holding,781,506,,2024-09-10
Ariston Holding,43,369,,2024-09-10
Azimut,2.654,1.742,,2024-09-10
Banca Generali,2.982,1.253,,2024-09-10
Banca Ifis,4.904,533,,2024-09-10
Banca Mediolanum,2.351,1.551,,2024-09-10
Banca Monte Paschi Siena,10.365,35.244,,2024-09-10
Banco Bpm,49.820,179.425,,2024-09-10
Bca Pop Sondrio,745,417,,2024-09-10
Bff Bank,87,27,,2024-09-10
Bper Banca,11.267,16.220,,2024-09-10
Brembo,598,1.115,,2024-09-10
Brunello Cucinelli,179,561,,2024-09-10
Buzzi,1.108,904,,2024-09-10
Campari,9.536,6.851,,2024-09-10
Carel Industries,,,,2024-09-10
Danieli & C,456,103,,2024-09-10
De'Longhi,27,26,,2024-09-10
Diasorin,731,396,,2024-09-10
Enav,583,15,,2024-09-10
Enel,277.736,540.684,,2024-09-10
Eni,123.133,304.905,,2024-09-10
Erg,453,648,,2024-09-10
Ferrari,7.590,10.943,,2024-09-10
Fincantieri,384,1.027,,2024-09-10
Finecobank,2.037,12.128,,2024-09-10
Generali,440.500,779.853,,2024-09-10
Geox,93,52,,2024-09-10
Gvs,8,1,,2024-09-10
Hera,578,61,,2024-09-10
Industrie De Nora,612,412,,2024-09-10
Interpump Group,2.969,1.043,,2024-09-10
Intesa Sanpaolo,248.802,967.346,,2024-09-10
Inwit,2.901,1.238,,2024-09-10
Iren,1.921,146,,2024-09-10
Italgas,985,3.346,,2024-09-10
Iveco Group,2.215,866,,2024-09-10
Juventus Fc,98,197,,2024-09-10
Leonardo,6.511,5.013,,2024-09-10
Lottomatica Group,89,25,,2024-09-10
Maire,246,41,,2024-09-10
Mediobanca,18.790,40.728,,2024-09-10
Mfe B,509,490,,2024-09-10
Moncler,3.534,4.094,,2024-09-10
Mondadori Edit,1.828,53,,2024-09-10
Nexi,16.676,27.700,,2024-09-10
Ovs,510,393,,2024-09-10
Piaggio,188,381,,2024-09-10
Pirelli & C,4.494,20.236,,2024-09-10
Poste Italiane,11.088,13.777,,2024-09-10
Prysmian,5.954,4.468,,2024-09-10
Rai Way,,,,2024-09-10
Recordati Ord,477,271,,2024-09-10
Reply,15,11,,2024-09-10
Safilo Group,32,6,,2024-09-10
Saipem,15.952,11.286,,2024-09-10
Salvatore Ferragamo,345,569,,2024-09-10
Sanlorenzo,,,,2024-09-10
Sesa,4.631,276,,2024-09-10
Snam,13.465,21.636,,2024-09-10
Stellantis,135.474,358.815,,2024-09-10
Stmicroelectronics,6.601,9.071,,2024-09-10
Tamburi,76,20,,2024-09-10
Technogym,183,66,,2024-09-10
Technoprobe,243,70,,2024-09-10
Telecom Italia,172.961,161.177,,2024-09-10
Telecom Italia R,18.603,12.802,,2024-09-10
Tenaris,8.751,13.345,,2024-09-10
Terna,1.400,7.330,,2024-09-10
Unicredit,45.598,128.709,,2024-09-10
Unipol,2.437,6.171,,2024-09-10
Webuild,827,2.119,,2024-09-10
Totale,1.802.951,3.909.473,,2024-09-10
Ftsemib,88.359,183.222,,2024-09-11
A2a,2.782,2.276,,2024-09-11
Acea,528,458,,2024-09-11
Amplifon,533,612,,2024-09-11
Anima Holding,812,506,,2024-09-11
Ariston Holding,43,369,,2024-09-11
Azimut,2.654,1.743,,2024-09-11
Banca Generali,2.982,1.253,,2024-09-11
Banca Ifis,4.904,533,,2024-09-11
Banca Mediolanum,2.351,1.551,,2024-09-11
Banca Monte Paschi Siena,10.391,36.275,,2024-09-11
Banco Bpm,49.828,184.614,,2024-09-11
Bca Pop Sondrio,769,417,,2024-09-11
Bff Bank,88,27,,2024-09-11
Bper Banca,11.268,18.253,,2024-09-11
Brembo,601,1.115,,2024-09-11
Brunello Cucinelli,180,561,,2024-09-11
Buzzi,1.128,904,,2024-09-11
Campari,9.536,7.102,,2024-09-11
Carel Industries,,,,2024-09-11
Danieli & C,456,103,,2024-09-11
De'Longhi,27,26,,2024-09-11
Diasorin,734,394,,2024-09-11
Enav,583,15,,2024-09-11
Enel,283.614,545.668,,2024-09-11
Eni,123.648,305.104,,2024-09-11
Erg,453,649,,2024-09-11
Ferrari,7.588,10.942,,2024-09-11
Fincantieri,392,1.027,,2024-09-11
Finecobank,2.033,12.148,,2024-09-11
Generali,439.788,780.986,,2024-09-11
Geox,93,52,,2024-09-11
Gvs,8,1,,2024-09-11
Hera,579,63,,2024-09-11
Industrie De Nora,612,512,,2024-09-11
Interpump Group,2.969,1.049,,2024-09-11
Intesa Sanpaolo,253.805,964.562,,2024-09-11
Inwit,2.920,1.238,,2024-09-11
Iren,1.919,146,,2024-09-11
Italgas,985,3.346,,2024-09-11
Iveco Group,2.204,876,,2024-09-11
Juventus Fc,98,198,,2024-09-11
Leonardo,6.515,5.005,,2024-09-11
Lottomatica Group,89,25,,2024-09-11
Maire,246,41,,2024-09-11
Mediobanca,18.802,40.770,,2024-09-11
Mfe B,510,490,,2024-09-11
Moncler,3.539,4.741,,2024-09-11
Mondadori Edit,1.828,53,,2024-09-11
Nexi,16.690,27.692,,2024-09-11
Ovs,510,393,,2024-09-11
Piaggio,188,381,,2024-09-11
Pirelli & C,4.484,20.236,,2024-09-11
Poste Italiane,11.088,13.727,,2024-09-11
Prysmian,6.029,4.493,,2024-09-11
Rai Way,,,,2024-09-11
Recordati Ord,477,271,,2024-09-11
Reply,15,11,,2024-09-11
Safilo Group,32,6,,2024-09-11
Saipem,16.093,11.534,,2024-09-11
Salvatore Ferragamo,395,563,,2024-09-11
Sanlorenzo,,,,2024-09-11
Sesa,4.639,276,,2024-09-11
Snam,13.475,21.657,,2024-09-11
Stellantis,135.844,360.929,,2024-09-11
Stmicroelectronics,6.740,9.120,,2024-09-11
Tamburi,86,21,,2024-09-11
Technogym,183,66,,2024-09-11
Technoprobe,243,70,,2024-09-11
Telecom Italia,172.973,161.387,,2024-09-11
Telecom Italia R,18.603,12.802,,2024-09-11
Tenaris,8.952,13.361,,2024-09-11
Terna,1.410,7.342,,2024-09-11
Unicredit,45.589,128.746,,2024-09-11
Unipol,2.437,6.171,,2024-09-11
Webuild,833,2.124,,2024-09-11
Totale,1.814.782,3.925.400,,2024-09-11
Ftsemib,88.704,183.931,,2024-09-12
A2a,2.783,2.279,,2024-09-12
Acea,528,458,,2024-09-12
Amplifon,534,612,,2024-09-12
Anima Holding,822,506,,2024-09-12
Ariston Holding,43,369,,2024-09-12
Azimut,2.653,1.744,,2024-09-12
Banca Generali,2.982,1.253,,2024-09-12
Banca Ifis,4.905,533,,2024-09-12
Banca Mediolanum,2.351,1.551,,2024-09-12
Banca Monte Paschi Siena,10.375,37.807,,2024-09-12
Banco Bpm,50.397,187.171,,2024-09-12
Bca Pop Sondrio,769,417,,2024-09-12
Bff Bank,90,27,,2024-09-12
Bper Banca,11.271,18.201,,2024-09-12
Brembo,601,1.117,,2024-09-12
Brunello Cucinelli,180,563,,2024-09-12
Buzzi,1.148,914,,2024-09-12
Campari,9.551,6.853,,2024-09-12
Carel Industries,,,,2024-09-12
Danieli & C,458,103,,2024-09-12
De'Longhi,27,26,,2024-09-12
Diasorin,735,400,,2024-09-12
Enav,583,15,,2024-09-12
Enel,282.878,547.896,,2024-09-12
Eni,124.799,304.259,,2024-09-12
Erg,454,649,,2024-09-12
Ferrari,7.593,11.095,,2024-09-12
Fincantieri,441,1.027,,2024-09-12
Finecobank,2.035,12.148,,2024-09-12
Generali,439.837,781.490,,2024-09-12
Geox,93,52,,2024-09-12
Gvs,8,1,,2024-09-12
Hera,579,73,,2024-09-12
Industrie De Nora,612,512,,2024-09-12
Interpump Group,2.969,1.049,,2024-09-12
Intesa Sanpaolo,254.000,933.672,,2024-09-12
Inwit,2.920,1.238,,2024-09-12
Iren,1.919,146,,2024-09-12
Italgas,993,3.345,,2024-09-12
Iveco Group,2.241,882,,2024-09-12
Juventus Fc,98,198,,2024-09-12
Leonardo,6.686,5.156,,2024-09-12
Lottomatica Group,89,25,,2024-09-12
Maire,246,41,,2024-09-12
Mediobanca,18.838,40.755,,2024-09-12
Mfe B,510,490,,2024-09-12
Moncler,3.545,5.416,,2024-09-12
Mondadori Edit,1.828,53,,2024-09-12
Nexi,16.713,27.692,,2024-09-12
Ovs,510,393,,2024-09-12
Piaggio,188,381,,2024-09-12
Pirelli & C,4.484,20.236,,2024-09-12
Poste Italiane,11.087,13.682,,2024-09-12
Prysmian,6.100,4.486,,2024-09-12
Rai Way,,,,2024-09-12
Recordati Ord,477,271,,2024-09-12
Reply,15,11,,2024-09-12
Safilo Group,32,6,,2024-09-12
Saipem,16.135,11.589,,2024-09-12
Salvatore Ferragamo,395,551,,2024-09-12
Sanlorenzo,,,,2024-09-12
Sesa,4.808,276,,2024-09-12
Snam,13.473,21.679,,2024-09-12
Stellantis,137.193,361.100,,2024-09-12
Stmicroelectronics,6.885,9.137,,2024-09-12
Tamburi,86,21,,2024-09-12
Technogym,183,71,,2024-09-12
Technoprobe,243,70,,2024-09-12
Telecom Italia,173.023,161.487,,2024-09-12
Telecom Italia R,18.603,12.802,,2024-09-12
Tenaris,8.911,10.401,,2024-09-12
Terna,1.421,7.321,,2024-09-12
Unicredit,46.550,129.159,,2024-09-12
Unipol,2.437,6.171,,2024-09-12
Webuild,835,2.161,,2024-09-12
Totale,1.819.488,3.899.672,,2024-09-12
